Analysis & Synthesis report for DE2_115
Wed Aug 19 14:18:35 2026
Quartus Prime Version 20.1.1 Build 720 11/11/2020 SJ Lite Edition


---------------------
; Table of Contents ;
---------------------
  1. Legal Notice
  2. Analysis & Synthesis Summary
  3. Analysis & Synthesis Settings
  4. Parallel Compilation
  5. Analysis & Synthesis Source Files Read
  6. Analysis & Synthesis Resource Usage Summary
  7. Analysis & Synthesis Resource Utilization by Entity
  8. Analysis & Synthesis DSP Block Usage Summary
  9. Analysis & Synthesis IP Cores Summary
 10. State Machine - |DE2_115|word_rx:u_word_rx|estado
 11. State Machine - |DE2_115|uart_top:u_uart_top|uart_transmitter:u_tx|state
 12. State Machine - |DE2_115|uart_top:u_uart_top|uart_receiver:u_rx|state
 13. State Machine - |DE2_115|audio_codec_controller:AUDIO_CODEC_INST|currentState
 14. User-Specified and Inferred Latches
 15. Registers Removed During Synthesis
 16. Removed Registers Triggering Further Register Optimizations
 17. General Register Statistics
 18. Inverted Register Statistics
 19. Multiplexer Restructuring Statistics (Restructuring Performed)
 20. Parameter Settings for User Entity Instance: PLL1:PLL1_inst|altpll:altpll_component
 21. Parameter Settings for User Entity Instance: PLL2:PLL2_inst|altpll:altpll_component
 22. Parameter Settings for User Entity Instance: uart_top:u_uart_top
 23. Parameter Settings for User Entity Instance: uart_top:u_uart_top|uart_receiver:u_rx
 24. Parameter Settings for User Entity Instance: uart_top:u_uart_top|uart_receiver:u_rx|sampler_generator:sampler_generator_1
 25. Parameter Settings for User Entity Instance: uart_top:u_uart_top|uart_transmitter:u_tx
 26. Parameter Settings for User Entity Instance: keys_sws_debounce_full:ksd
 27. Parameter Settings for Inferred Entity Instance: fir_trans:fir|mult:\gen_mult:3:U|lpm_mult:Mult0
 28. Parameter Settings for Inferred Entity Instance: fir_trans:fir|mult:\gen_mult:2:U|lpm_mult:Mult0
 29. Parameter Settings for Inferred Entity Instance: fir_trans:fir|mult:\gen_mult:1:U|lpm_mult:Mult0
 30. Parameter Settings for Inferred Entity Instance: fir_trans:fir|mult:\gen_mult:0:U|lpm_mult:Mult0
 31. altpll Parameter Settings by Entity Instance
 32. lpm_mult Parameter Settings by Entity Instance
 33. Port Connectivity Checks: "keys_sws_debounce_full:ksd"
 34. Port Connectivity Checks: "uart_top:u_uart_top|uart_transmitter:u_tx"
 35. Port Connectivity Checks: "uart_top:u_uart_top|uart_receiver:u_rx"
 36. Port Connectivity Checks: "uart_top:u_uart_top"
 37. Port Connectivity Checks: "audio_codec_controller:AUDIO_CODEC_INST|I2C_Controller:i2cController"
 38. Port Connectivity Checks: "audio_codec_controller:AUDIO_CODEC_INST"
 39. Port Connectivity Checks: "DISPLAY7SEG:INST_DISP7"
 40. Port Connectivity Checks: "DISPLAY7SEG:INST_DISP6"
 41. Port Connectivity Checks: "DISPLAY7SEG:INST_DISP5"
 42. Port Connectivity Checks: "DISPLAY7SEG:INST_DISP4"
 43. Port Connectivity Checks: "DISPLAY7SEG:INST_DISP3"
 44. Port Connectivity Checks: "DISPLAY7SEG:INST_DISP2"
 45. Post-Synthesis Netlist Statistics for Top Partition
 46. Elapsed Time Per Partition
 47. Analysis & Synthesis Messages



----------------
; Legal Notice ;
----------------
Copyright (C) 2020  Intel Corporation. All rights reserved.
Your use of Intel Corporation's design tools, logic functions 
and other software and tools, and any partner logic 
functions, and any output files from any of the foregoing 
(including device programming or simulation files), and any 
associated documentation or information are expressly subject 
to the terms and conditions of the Intel Program License 
Subscription Agreement, the Intel Quartus Prime License Agreement,
the Intel FPGA IP License Agreement, or other applicable license
agreement, including, without limitation, that your use is for
the sole purpose of programming logic devices manufactured by
Intel and sold by Intel or its authorized distributors.  Please
refer to the applicable agreement for further details, at
https://fpgasoftware.intel.com/eula.



+----------------------------------------------------------------------------------+
; Analysis & Synthesis Summary                                                     ;
+------------------------------------+---------------------------------------------+
; Analysis & Synthesis Status        ; Successful - Wed Aug 19 14:18:35 2026       ;
; Quartus Prime Version              ; 20.1.1 Build 720 11/11/2020 SJ Lite Edition ;
; Revision Name                      ; DE2_115                                     ;
; Top-level Entity Name              ; DE2_115                                     ;
; Family                             ; Cyclone IV E                                ;
; Total logic elements               ; 874                                         ;
;     Total combinational functions  ; 670                                         ;
;     Dedicated logic registers      ; 582                                         ;
; Total registers                    ; 582                                         ;
; Total pins                         ; 407                                         ;
; Total virtual pins                 ; 0                                           ;
; Total memory bits                  ; 0                                           ;
; Embedded Multiplier 9-bit elements ; 8                                           ;
; Total PLLs                         ; 2                                           ;
+------------------------------------+---------------------------------------------+


+-------------------------------------------------------------------------------------------------------+
; Analysis & Synthesis Settings                                                                         ;
+------------------------------------------------------------------+---------------+--------------------+
; Option                                                           ; Setting       ; Default Value      ;
+------------------------------------------------------------------+---------------+--------------------+
; Device                                                           ; EP4CE115F29C7 ;                    ;
; Top-level entity name                                            ; DE2_115       ; DE2_115            ;
; Family name                                                      ; Cyclone IV E  ; Cyclone V          ;
; Use smart compilation                                            ; On            ; Off                ;
; Maximum processors allowed for parallel compilation              ; All           ;                    ;
; VHDL Show LMF Mapping Messages                                   ; Off           ;                    ;
; VHDL Version                                                     ; VHDL_2008     ; VHDL_1993          ;
; Optimization Technique                                           ; Speed         ; Balanced           ;
; Power Optimization During Synthesis                              ; Extra effort  ; Normal compilation ;
; Enable parallel Assembler and Timing Analyzer during compilation ; On            ; On                 ;
; Enable compact report table                                      ; Off           ; Off                ;
; Restructure Multiplexers                                         ; Auto          ; Auto               ;
; Create Debugging Nodes for IP Cores                              ; Off           ; Off                ;
; Preserve fewer node names                                        ; On            ; On                 ;
; Intel FPGA IP Evaluation Mode                                    ; Enable        ; Enable             ;
; Verilog Version                                                  ; Verilog_2001  ; Verilog_2001       ;
; State Machine Processing                                         ; Auto          ; Auto               ;
; Safe State Machine                                               ; Off           ; Off                ;
; Extract Verilog State Machines                                   ; On            ; On                 ;
; Extract VHDL State Machines                                      ; On            ; On                 ;
; Ignore Verilog initial constructs                                ; Off           ; Off                ;
; Iteration limit for constant Verilog loops                       ; 5000          ; 5000               ;
; Iteration limit for non-constant Verilog loops                   ; 250           ; 250                ;
; Add Pass-Through Logic to Inferred RAMs                          ; On            ; On                 ;
; Infer RAMs from Raw Logic                                        ; On            ; On                 ;
; Parallel Synthesis                                               ; On            ; On                 ;
; DSP Block Balancing                                              ; Auto          ; Auto               ;
; NOT Gate Push-Back                                               ; On            ; On                 ;
; Power-Up Don't Care                                              ; On            ; On                 ;
; Remove Redundant Logic Cells                                     ; Off           ; Off                ;
; Remove Duplicate Registers                                       ; On            ; On                 ;
; Ignore CARRY Buffers                                             ; Off           ; Off                ;
; Ignore CASCADE Buffers                                           ; Off           ; Off                ;
; Ignore GLOBAL Buffers                                            ; Off           ; Off                ;
; Ignore ROW GLOBAL Buffers                                        ; Off           ; Off                ;
; Ignore LCELL Buffers                                             ; Off           ; Off                ;
; Ignore SOFT Buffers                                              ; On            ; On                 ;
; Limit AHDL Integers to 32 Bits                                   ; Off           ; Off                ;
; Carry Chain Length                                               ; 70            ; 70                 ;
; Auto Carry Chains                                                ; On            ; On                 ;
; Auto Open-Drain Pins                                             ; On            ; On                 ;
; Perform WYSIWYG Primitive Resynthesis                            ; Off           ; Off                ;
; Auto ROM Replacement                                             ; On            ; On                 ;
; Auto RAM Replacement                                             ; On            ; On                 ;
; Auto DSP Block Replacement                                       ; On            ; On                 ;
; Auto Shift Register Replacement                                  ; Auto          ; Auto               ;
; Allow Shift Register Merging across Hierarchies                  ; Auto          ; Auto               ;
; Auto Clock Enable Replacement                                    ; On            ; On                 ;
; Strict RAM Replacement                                           ; Off           ; Off                ;
; Allow Synchronous Control Signals                                ; On            ; On                 ;
; Force Use of Synchronous Clear Signals                           ; Off           ; Off                ;
; Auto RAM Block Balancing                                         ; On            ; On                 ;
; Auto RAM to Logic Cell Conversion                                ; Off           ; Off                ;
; Auto Resource Sharing                                            ; Off           ; Off                ;
; Allow Any RAM Size For Recognition                               ; Off           ; Off                ;
; Allow Any ROM Size For Recognition                               ; Off           ; Off                ;
; Allow Any Shift Register Size For Recognition                    ; Off           ; Off                ;
; Use LogicLock Constraints during Resource Balancing              ; On            ; On                 ;
; Ignore translate_off and synthesis_off directives                ; Off           ; Off                ;
; Timing-Driven Synthesis                                          ; On            ; On                 ;
; Report Parameter Settings                                        ; On            ; On                 ;
; Report Source Assignments                                        ; On            ; On                 ;
; Report Connectivity Checks                                       ; On            ; On                 ;
; Ignore Maximum Fan-Out Assignments                               ; Off           ; Off                ;
; Synchronization Register Chain Length                            ; 2             ; 2                  ;
; HDL message level                                                ; Level2        ; Level2             ;
; Suppress Register Optimization Related Messages                  ; Off           ; Off                ;
; Number of Removed Registers Reported in Synthesis Report         ; 5000          ; 5000               ;
; Number of Swept Nodes Reported in Synthesis Report               ; 5000          ; 5000               ;
; Number of Inverted Registers Reported in Synthesis Report        ; 100           ; 100                ;
; Clock MUX Protection                                             ; On            ; On                 ;
; Auto Gated Clock Conversion                                      ; Off           ; Off                ;
; Block Design Naming                                              ; Auto          ; Auto               ;
; SDC constraint protection                                        ; Off           ; Off                ;
; Synthesis Effort                                                 ; Auto          ; Auto               ;
; Shift Register Replacement - Allow Asynchronous Clear Signal     ; On            ; On                 ;
; Pre-Mapping Resynthesis Optimization                             ; Off           ; Off                ;
; Analysis & Synthesis Message Level                               ; Medium        ; Medium             ;
; Disable Register Merging Across Hierarchies                      ; Auto          ; Auto               ;
; Resource Aware Inference For Block RAM                           ; On            ; On                 ;
+------------------------------------------------------------------+---------------+--------------------+


+------------------------------------------+
; Parallel Compilation                     ;
+----------------------------+-------------+
; Processors                 ; Number      ;
+----------------------------+-------------+
; Number detected on machine ; 8           ;
; Maximum allowed            ; 4           ;
;                            ;             ;
; Average used               ; 1.00        ;
; Maximum used               ; 4           ;
;                            ;             ;
; Usage by Processor         ; % Time Used ;
;     Processor 1            ; 100.0%      ;
;     Processor 2            ;   0.0%      ;
;     Processor 3            ;   0.0%      ;
;     Processor 4            ;   0.0%      ;
+----------------------------+-------------+


+---------------------------------------------------------------------------------------------------------------------------------------------------------------------------------------------------------------------------+
; Analysis & Synthesis Source Files Read                                                                                                                                                                                    ;
+----------------------------------------------+-----------------+------------------------------+-----------------------------------------------------------------------------------------------------------------+---------+
; File Name with User-Entered Path             ; Used in Netlist ; File Type                    ; File Name with Absolute Path                                                                                    ; Library ;
+----------------------------------------------+-----------------+------------------------------+-----------------------------------------------------------------------------------------------------------------+---------+
; tulio_srcs/uart/word_rx.vhd                  ; yes             ; User VHDL File               ; /home/tulio/Documents/Codes/DE2_exemplos/DE2_115 (fir_uart_ctsrts)/tulio_srcs/uart/word_rx.vhd                  ;         ;
; tulio_srcs/uart/uart_transmitter.vhd         ; yes             ; User VHDL File               ; /home/tulio/Documents/Codes/DE2_exemplos/DE2_115 (fir_uart_ctsrts)/tulio_srcs/uart/uart_transmitter.vhd         ;         ;
; tulio_srcs/uart/uart_top.vhd                 ; yes             ; User VHDL File               ; /home/tulio/Documents/Codes/DE2_exemplos/DE2_115 (fir_uart_ctsrts)/tulio_srcs/uart/uart_top.vhd                 ;         ;
; tulio_srcs/uart/uart_receiver.vhd            ; yes             ; User VHDL File               ; /home/tulio/Documents/Codes/DE2_exemplos/DE2_115 (fir_uart_ctsrts)/tulio_srcs/uart/uart_receiver.vhd            ;         ;
; tulio_srcs/uart/sampler_generator.vhd        ; yes             ; User VHDL File               ; /home/tulio/Documents/Codes/DE2_exemplos/DE2_115 (fir_uart_ctsrts)/tulio_srcs/uart/sampler_generator.vhd        ;         ;
; tulio_srcs/others/keys_sws_debounce_full.vhd ; yes             ; User VHDL File               ; /home/tulio/Documents/Codes/DE2_exemplos/DE2_115 (fir_uart_ctsrts)/tulio_srcs/others/keys_sws_debounce_full.vhd ;         ;
; tulio_srcs/others/reg.vhd                    ; yes             ; User VHDL File               ; /home/tulio/Documents/Codes/DE2_exemplos/DE2_115 (fir_uart_ctsrts)/tulio_srcs/others/reg.vhd                    ;         ;
; tulio_srcs/fir_trans/mult.vhd                ; yes             ; User VHDL File               ; /home/tulio/Documents/Codes/DE2_exemplos/DE2_115 (fir_uart_ctsrts)/tulio_srcs/fir_trans/mult.vhd                ;         ;
; tulio_srcs/fir_trans/fir_trans.vhd           ; yes             ; User VHDL File               ; /home/tulio/Documents/Codes/DE2_exemplos/DE2_115 (fir_uart_ctsrts)/tulio_srcs/fir_trans/fir_trans.vhd           ;         ;
; tulio_srcs/fir_trans/coefs_pkg.vhd           ; yes             ; User VHDL File               ; /home/tulio/Documents/Codes/DE2_exemplos/DE2_115 (fir_uart_ctsrts)/tulio_srcs/fir_trans/coefs_pkg.vhd           ;         ;
; audio_codec_controller.vhd                   ; yes             ; User VHDL File               ; /home/tulio/Documents/Codes/DE2_exemplos/DE2_115 (fir_uart_ctsrts)/audio_codec_controller.vhd                   ;         ;
; DE2_115.vhd                                  ; yes             ; User VHDL File               ; /home/tulio/Documents/Codes/DE2_exemplos/DE2_115 (fir_uart_ctsrts)/DE2_115.vhd                                  ;         ;
; DISPLAY7SEG.vhd                              ; yes             ; User VHDL File               ; /home/tulio/Documents/Codes/DE2_exemplos/DE2_115 (fir_uart_ctsrts)/DISPLAY7SEG.vhd                              ;         ;
; LCD_CONTROLADOR.vhd                          ; yes             ; User VHDL File               ; /home/tulio/Documents/Codes/DE2_exemplos/DE2_115 (fir_uart_ctsrts)/LCD_CONTROLADOR.vhd                          ;         ;
; TESTE_LCD.vhd                                ; yes             ; User VHDL File               ; /home/tulio/Documents/Codes/DE2_exemplos/DE2_115 (fir_uart_ctsrts)/TESTE_LCD.vhd                                ;         ;
; RESET_DELAY.vhd                              ; yes             ; User VHDL File               ; /home/tulio/Documents/Codes/DE2_exemplos/DE2_115 (fir_uart_ctsrts)/RESET_DELAY.vhd                              ;         ;
; I2C_Controller.vhd                           ; yes             ; User VHDL File               ; /home/tulio/Documents/Codes/DE2_exemplos/DE2_115 (fir_uart_ctsrts)/I2C_Controller.vhd                           ;         ;
; PLL1.vhd                                     ; yes             ; User Wizard-Generated File   ; /home/tulio/Documents/Codes/DE2_exemplos/DE2_115 (fir_uart_ctsrts)/PLL1.vhd                                     ;         ;
; PLL2.vhd                                     ; yes             ; User Wizard-Generated File   ; /home/tulio/Documents/Codes/DE2_exemplos/DE2_115 (fir_uart_ctsrts)/PLL2.vhd                                     ;         ;
; altpll.tdf                                   ; yes             ; Megafunction                 ; /home/tulio/intelFPGA_lite/20.1/quartus/libraries/megafunctions/altpll.tdf                                      ;         ;
; aglobal201.inc                               ; yes             ; Megafunction                 ; /home/tulio/intelFPGA_lite/20.1/quartus/libraries/megafunctions/aglobal201.inc                                  ;         ;
; stratix_pll.inc                              ; yes             ; Megafunction                 ; /home/tulio/intelFPGA_lite/20.1/quartus/libraries/megafunctions/stratix_pll.inc                                 ;         ;
; stratixii_pll.inc                            ; yes             ; Megafunction                 ; /home/tulio/intelFPGA_lite/20.1/quartus/libraries/megafunctions/stratixii_pll.inc                               ;         ;
; cycloneii_pll.inc                            ; yes             ; Megafunction                 ; /home/tulio/intelFPGA_lite/20.1/quartus/libraries/megafunctions/cycloneii_pll.inc                               ;         ;
; db/PLL1_altpll.v                             ; yes             ; Auto-Generated Megafunction  ; /home/tulio/Documents/Codes/DE2_exemplos/DE2_115 (fir_uart_ctsrts)/db/PLL1_altpll.v                             ;         ;
; db/PLL2_altpll.v                             ; yes             ; Auto-Generated Megafunction  ; /home/tulio/Documents/Codes/DE2_exemplos/DE2_115 (fir_uart_ctsrts)/db/PLL2_altpll.v                             ;         ;
; delayCounter.vhd                             ; yes             ; Auto-Found VHDL File         ; /home/tulio/Documents/Codes/DE2_exemplos/DE2_115 (fir_uart_ctsrts)/delayCounter.vhd                             ;         ;
; lpm_mult.tdf                                 ; yes             ; Megafunction                 ; /home/tulio/intelFPGA_lite/20.1/quartus/libraries/megafunctions/lpm_mult.tdf                                    ;         ;
; lpm_add_sub.inc                              ; yes             ; Megafunction                 ; /home/tulio/intelFPGA_lite/20.1/quartus/libraries/megafunctions/lpm_add_sub.inc                                 ;         ;
; multcore.inc                                 ; yes             ; Megafunction                 ; /home/tulio/intelFPGA_lite/20.1/quartus/libraries/megafunctions/multcore.inc                                    ;         ;
; bypassff.inc                                 ; yes             ; Megafunction                 ; /home/tulio/intelFPGA_lite/20.1/quartus/libraries/megafunctions/bypassff.inc                                    ;         ;
; altshift.inc                                 ; yes             ; Megafunction                 ; /home/tulio/intelFPGA_lite/20.1/quartus/libraries/megafunctions/altshift.inc                                    ;         ;
; db/mult_36t.tdf                              ; yes             ; Auto-Generated Megafunction  ; /home/tulio/Documents/Codes/DE2_exemplos/DE2_115 (fir_uart_ctsrts)/db/mult_36t.tdf                              ;         ;
+----------------------------------------------+-----------------+------------------------------+-----------------------------------------------------------------------------------------------------------------+---------+


+--------------------------------------------------------------+
; Analysis & Synthesis Resource Usage Summary                  ;
+---------------------------------------------+----------------+
; Resource                                    ; Usage          ;
+---------------------------------------------+----------------+
; Estimated Total logic elements              ; 874            ;
;                                             ;                ;
; Total combinational functions               ; 670            ;
; Logic element usage by number of LUT inputs ;                ;
;     -- 4 input functions                    ; 190            ;
;     -- 3 input functions                    ; 276            ;
;     -- <=2 input functions                  ; 204            ;
;                                             ;                ;
; Logic elements by mode                      ;                ;
;     -- normal mode                          ; 459            ;
;     -- arithmetic mode                      ; 211            ;
;                                             ;                ;
; Total registers                             ; 582            ;
;     -- Dedicated logic registers            ; 582            ;
;     -- I/O registers                        ; 0              ;
;                                             ;                ;
; I/O pins                                    ; 407            ;
;                                             ;                ;
; Embedded Multiplier 9-bit elements          ; 8              ;
;                                             ;                ;
; Total PLLs                                  ; 2              ;
;     -- PLLs                                 ; 2              ;
;                                             ;                ;
; Maximum fan-out node                        ; CLOCK_50~input ;
; Maximum fan-out                             ; 350            ;
; Total fan-out                               ; 4683           ;
; Average fan-out                             ; 2.15           ;
+---------------------------------------------+----------------+


+----------------------------------------------------------------------------------------------------------------------------------------------------------------------------------------------------------------------------------------------------------------------------------------------------------------+
; Analysis & Synthesis Resource Utilization by Entity                                                                                                                                                                                                                                                            ;
+--------------------------------------------------+---------------------+---------------------------+-------------+--------------+---------+-----------+------+--------------+------------------------------------------------------------------------------------------+------------------------+--------------+
; Compilation Hierarchy Node                       ; Combinational ALUTs ; Dedicated Logic Registers ; Memory Bits ; DSP Elements ; DSP 9x9 ; DSP 18x18 ; Pins ; Virtual Pins ; Full Hierarchy Name                                                                      ; Entity Name            ; Library Name ;
+--------------------------------------------------+---------------------+---------------------------+-------------+--------------+---------+-----------+------+--------------+------------------------------------------------------------------------------------------+------------------------+--------------+
; |DE2_115                                         ; 670 (18)            ; 582 (0)                   ; 0           ; 8            ; 0       ; 4         ; 407  ; 0            ; |DE2_115                                                                                 ; DE2_115                ; work         ;
;    |PLL1:PLL1_inst|                              ; 0 (0)               ; 0 (0)                     ; 0           ; 0            ; 0       ; 0         ; 0    ; 0            ; |DE2_115|PLL1:PLL1_inst                                                                  ; PLL1                   ; work         ;
;       |altpll:altpll_component|                  ; 0 (0)               ; 0 (0)                     ; 0           ; 0            ; 0       ; 0         ; 0    ; 0            ; |DE2_115|PLL1:PLL1_inst|altpll:altpll_component                                          ; altpll                 ; work         ;
;          |PLL1_altpll:auto_generated|            ; 0 (0)               ; 0 (0)                     ; 0           ; 0            ; 0       ; 0         ; 0    ; 0            ; |DE2_115|PLL1:PLL1_inst|altpll:altpll_component|PLL1_altpll:auto_generated               ; PLL1_altpll            ; work         ;
;    |PLL2:PLL2_inst|                              ; 0 (0)               ; 0 (0)                     ; 0           ; 0            ; 0       ; 0         ; 0    ; 0            ; |DE2_115|PLL2:PLL2_inst                                                                  ; PLL2                   ; work         ;
;       |altpll:altpll_component|                  ; 0 (0)               ; 0 (0)                     ; 0           ; 0            ; 0       ; 0         ; 0    ; 0            ; |DE2_115|PLL2:PLL2_inst|altpll:altpll_component                                          ; altpll                 ; work         ;
;          |PLL2_altpll:auto_generated|            ; 0 (0)               ; 0 (0)                     ; 0           ; 0            ; 0       ; 0         ; 0    ; 0            ; |DE2_115|PLL2:PLL2_inst|altpll:altpll_component|PLL2_altpll:auto_generated               ; PLL2_altpll            ; work         ;
;    |RESET_DELAY:INST_DELAY_RESET|                ; 27 (27)             ; 21 (21)                   ; 0           ; 0            ; 0       ; 0         ; 0    ; 0            ; |DE2_115|RESET_DELAY:INST_DELAY_RESET                                                    ; RESET_DELAY            ; work         ;
;    |TESTE_LCD:INST_TESTE_LCD|                    ; 77 (59)             ; 47 (36)                   ; 0           ; 0            ; 0       ; 0         ; 0    ; 0            ; |DE2_115|TESTE_LCD:INST_TESTE_LCD                                                        ; TESTE_LCD              ; work         ;
;       |LCD_CONTROLADOR:LCDINST|                  ; 18 (18)             ; 11 (11)                   ; 0           ; 0            ; 0       ; 0         ; 0    ; 0            ; |DE2_115|TESTE_LCD:INST_TESTE_LCD|LCD_CONTROLADOR:LCDINST                                ; LCD_CONTROLADOR        ; work         ;
;    |audio_codec_controller:AUDIO_CODEC_INST|     ; 252 (97)            ; 174 (117)                 ; 0           ; 0            ; 0       ; 0         ; 0    ; 0            ; |DE2_115|audio_codec_controller:AUDIO_CODEC_INST                                         ; audio_codec_controller ; work         ;
;       |I2C_Controller:i2cController|             ; 83 (83)             ; 24 (24)                   ; 0           ; 0            ; 0       ; 0         ; 0    ; 0            ; |DE2_115|audio_codec_controller:AUDIO_CODEC_INST|I2C_Controller:i2cController            ; I2C_Controller         ; work         ;
;       |delayCounter:adcDacControllerStartDelay|  ; 72 (72)             ; 33 (33)                   ; 0           ; 0            ; 0       ; 0         ; 0    ; 0            ; |DE2_115|audio_codec_controller:AUDIO_CODEC_INST|delayCounter:adcDacControllerStartDelay ; delayCounter           ; work         ;
;    |fir_trans:fir|                               ; 164 (98)            ; 237 (93)                  ; 0           ; 8            ; 0       ; 4         ; 0    ; 0            ; |DE2_115|fir_trans:fir                                                                   ; fir_trans              ; work         ;
;       |mult:\gen_mult:0:U|                       ; 0 (0)               ; 0 (0)                     ; 0           ; 2            ; 0       ; 1         ; 0    ; 0            ; |DE2_115|fir_trans:fir|mult:\gen_mult:0:U                                                ; mult                   ; work         ;
;          |lpm_mult:Mult0|                        ; 0 (0)               ; 0 (0)                     ; 0           ; 2            ; 0       ; 1         ; 0    ; 0            ; |DE2_115|fir_trans:fir|mult:\gen_mult:0:U|lpm_mult:Mult0                                 ; lpm_mult               ; work         ;
;             |mult_36t:auto_generated|            ; 0 (0)               ; 0 (0)                     ; 0           ; 2            ; 0       ; 1         ; 0    ; 0            ; |DE2_115|fir_trans:fir|mult:\gen_mult:0:U|lpm_mult:Mult0|mult_36t:auto_generated         ; mult_36t               ; work         ;
;       |mult:\gen_mult:1:U|                       ; 0 (0)               ; 0 (0)                     ; 0           ; 2            ; 0       ; 1         ; 0    ; 0            ; |DE2_115|fir_trans:fir|mult:\gen_mult:1:U                                                ; mult                   ; work         ;
;          |lpm_mult:Mult0|                        ; 0 (0)               ; 0 (0)                     ; 0           ; 2            ; 0       ; 1         ; 0    ; 0            ; |DE2_115|fir_trans:fir|mult:\gen_mult:1:U|lpm_mult:Mult0                                 ; lpm_mult               ; work         ;
;             |mult_36t:auto_generated|            ; 0 (0)               ; 0 (0)                     ; 0           ; 2            ; 0       ; 1         ; 0    ; 0            ; |DE2_115|fir_trans:fir|mult:\gen_mult:1:U|lpm_mult:Mult0|mult_36t:auto_generated         ; mult_36t               ; work         ;
;       |mult:\gen_mult:2:U|                       ; 0 (0)               ; 0 (0)                     ; 0           ; 2            ; 0       ; 1         ; 0    ; 0            ; |DE2_115|fir_trans:fir|mult:\gen_mult:2:U                                                ; mult                   ; work         ;
;          |lpm_mult:Mult0|                        ; 0 (0)               ; 0 (0)                     ; 0           ; 2            ; 0       ; 1         ; 0    ; 0            ; |DE2_115|fir_trans:fir|mult:\gen_mult:2:U|lpm_mult:Mult0                                 ; lpm_mult               ; work         ;
;             |mult_36t:auto_generated|            ; 0 (0)               ; 0 (0)                     ; 0           ; 2            ; 0       ; 1         ; 0    ; 0            ; |DE2_115|fir_trans:fir|mult:\gen_mult:2:U|lpm_mult:Mult0|mult_36t:auto_generated         ; mult_36t               ; work         ;
;       |mult:\gen_mult:3:U|                       ; 0 (0)               ; 0 (0)                     ; 0           ; 2            ; 0       ; 1         ; 0    ; 0            ; |DE2_115|fir_trans:fir|mult:\gen_mult:3:U                                                ; mult                   ; work         ;
;          |lpm_mult:Mult0|                        ; 0 (0)               ; 0 (0)                     ; 0           ; 2            ; 0       ; 1         ; 0    ; 0            ; |DE2_115|fir_trans:fir|mult:\gen_mult:3:U|lpm_mult:Mult0                                 ; lpm_mult               ; work         ;
;             |mult_36t:auto_generated|            ; 0 (0)               ; 0 (0)                     ; 0           ; 2            ; 0       ; 1         ; 0    ; 0            ; |DE2_115|fir_trans:fir|mult:\gen_mult:3:U|lpm_mult:Mult0|mult_36t:auto_generated         ; mult_36t               ; work         ;
;       |reg:\gen_reg_coefs:0:U|                   ; 16 (16)             ; 16 (16)                   ; 0           ; 0            ; 0       ; 0         ; 0    ; 0            ; |DE2_115|fir_trans:fir|reg:\gen_reg_coefs:0:U                                            ; reg                    ; work         ;
;       |reg:\gen_reg_coefs:1:U|                   ; 17 (17)             ; 16 (16)                   ; 0           ; 0            ; 0       ; 0         ; 0    ; 0            ; |DE2_115|fir_trans:fir|reg:\gen_reg_coefs:1:U                                            ; reg                    ; work         ;
;       |reg:\gen_reg_coefs:2:U|                   ; 16 (16)             ; 16 (16)                   ; 0           ; 0            ; 0       ; 0         ; 0    ; 0            ; |DE2_115|fir_trans:fir|reg:\gen_reg_coefs:2:U                                            ; reg                    ; work         ;
;       |reg:\gen_reg_coefs:3:U|                   ; 16 (16)             ; 16 (16)                   ; 0           ; 0            ; 0       ; 0         ; 0    ; 0            ; |DE2_115|fir_trans:fir|reg:\gen_reg_coefs:3:U                                            ; reg                    ; work         ;
;       |reg:\gen_reg_uart:0:first:U|              ; 0 (0)               ; 16 (16)                   ; 0           ; 0            ; 0       ; 0         ; 0    ; 0            ; |DE2_115|fir_trans:fir|reg:\gen_reg_uart:0:first:U                                       ; reg                    ; work         ;
;       |reg:\gen_reg_uart:1:other:U|              ; 1 (1)               ; 16 (16)                   ; 0           ; 0            ; 0       ; 0         ; 0    ; 0            ; |DE2_115|fir_trans:fir|reg:\gen_reg_uart:1:other:U                                       ; reg                    ; work         ;
;       |reg:\gen_reg_uart:2:other:U|              ; 0 (0)               ; 16 (16)                   ; 0           ; 0            ; 0       ; 0         ; 0    ; 0            ; |DE2_115|fir_trans:fir|reg:\gen_reg_uart:2:other:U                                       ; reg                    ; work         ;
;       |reg:\gen_reg_uart:3:other:U|              ; 0 (0)               ; 16 (16)                   ; 0           ; 0            ; 0       ; 0         ; 0    ; 0            ; |DE2_115|fir_trans:fir|reg:\gen_reg_uart:3:other:U                                       ; reg                    ; work         ;
;       |reg:\gen_reg_uart:4:gen_reg_apply:U|      ; 0 (0)               ; 16 (16)                   ; 0           ; 0            ; 0       ; 0         ; 0    ; 0            ; |DE2_115|fir_trans:fir|reg:\gen_reg_uart:4:gen_reg_apply:U                               ; reg                    ; work         ;
;    |uart_top:u_uart_top|                         ; 126 (3)             ; 83 (4)                    ; 0           ; 0            ; 0       ; 0         ; 0    ; 0            ; |DE2_115|uart_top:u_uart_top                                                             ; uart_top               ; work         ;
;       |uart_receiver:u_rx|                       ; 65 (29)             ; 51 (32)                   ; 0           ; 0            ; 0       ; 0         ; 0    ; 0            ; |DE2_115|uart_top:u_uart_top|uart_receiver:u_rx                                          ; uart_receiver          ; work         ;
;          |sampler_generator:sampler_generator_1| ; 36 (36)             ; 19 (19)                   ; 0           ; 0            ; 0       ; 0         ; 0    ; 0            ; |DE2_115|uart_top:u_uart_top|uart_receiver:u_rx|sampler_generator:sampler_generator_1    ; sampler_generator      ; work         ;
;       |uart_transmitter:u_tx|                    ; 58 (58)             ; 28 (28)                   ; 0           ; 0            ; 0       ; 0         ; 0    ; 0            ; |DE2_115|uart_top:u_uart_top|uart_transmitter:u_tx                                       ; uart_transmitter       ; work         ;
;    |word_rx:u_word_rx|                           ; 6 (6)               ; 20 (20)                   ; 0           ; 0            ; 0       ; 0         ; 0    ; 0            ; |DE2_115|word_rx:u_word_rx                                                               ; word_rx                ; work         ;
+--------------------------------------------------+---------------------+---------------------------+-------------+--------------+---------+-----------+------+--------------+------------------------------------------------------------------------------------------+------------------------+--------------+
Note: For table entries with two numbers listed, the numbers in parentheses indicate the number of resources of the given type used by the specific entity alone. The numbers listed outside of parentheses indicate the total resources of the given type used by the specific entity and all of its sub-entities in the hierarchy.


+-----------------------------------------------------+
; Analysis & Synthesis DSP Block Usage Summary        ;
+---------------------------------------+-------------+
; Statistic                             ; Number Used ;
+---------------------------------------+-------------+
; Simple Multipliers (9-bit)            ; 0           ;
; Simple Multipliers (18-bit)           ; 4           ;
; Embedded Multiplier Blocks            ; --          ;
; Embedded Multiplier 9-bit elements    ; 8           ;
; Signed Embedded Multipliers           ; 4           ;
; Unsigned Embedded Multipliers         ; 0           ;
; Mixed Sign Embedded Multipliers       ; 0           ;
; Variable Sign Embedded Multipliers    ; 0           ;
; Dedicated Input Shift Register Chains ; 0           ;
+---------------------------------------+-------------+
Note: number of Embedded Multiplier Blocks used is only available after a successful fit.


+-----------------------------------------------------------------------------------------------------------+
; Analysis & Synthesis IP Cores Summary                                                                     ;
+--------+--------------+---------+--------------+--------------+-------------------------+-----------------+
; Vendor ; IP Core Name ; Version ; Release Date ; License Type ; Entity Instance         ; IP Include File ;
+--------+--------------+---------+--------------+--------------+-------------------------+-----------------+
; Altera ; ALTPLL       ; 12.0    ; N/A          ; N/A          ; |DE2_115|PLL1:PLL1_inst ; PLL1.vhd        ;
; Altera ; ALTPLL       ; 12.0    ; N/A          ; N/A          ; |DE2_115|PLL2:PLL2_inst ; PLL2.vhd        ;
+--------+--------------+---------+--------------+--------------+-------------------------+-----------------+


Encoding Type:  One-Hot
+----------------------------------------------------------------+
; State Machine - |DE2_115|word_rx:u_word_rx|estado              ;
+----------------+-------------+----------------+----------------+
; Name           ; estado.done ; estado.recebeL ; estado.recebeH ;
+----------------+-------------+----------------+----------------+
; estado.recebeH ; 0           ; 0              ; 0              ;
; estado.recebeL ; 0           ; 1              ; 1              ;
; estado.done    ; 1           ; 0              ; 1              ;
+----------------+-------------+----------------+----------------+


Encoding Type:  One-Hot
+-----------------------------------------------------------------------------------------------------------------------------------------------------------------------------------------------------------+
; State Machine - |DE2_115|uart_top:u_uart_top|uart_transmitter:u_tx|state                                                                                                                                  ;
+------------------+--------------+--------------+--------------+--------------+--------------+--------------+--------------+--------------+--------------+---------------+------------------+--------------+
; Name             ; state.stop_s ; state.bit7_s ; state.bit6_s ; state.bit5_s ; state.bit4_s ; state.bit3_s ; state.bit2_s ; state.bit1_s ; state.bit0_s ; state.start_s ; state.wait_cts_s ; state.idle_s ;
+------------------+--------------+--------------+--------------+--------------+--------------+--------------+--------------+--------------+--------------+---------------+------------------+--------------+
; state.idle_s     ; 0            ; 0            ; 0            ; 0            ; 0            ; 0            ; 0            ; 0            ; 0            ; 0             ; 0                ; 0            ;
; state.wait_cts_s ; 0            ; 0            ; 0            ; 0            ; 0            ; 0            ; 0            ; 0            ; 0            ; 0             ; 1                ; 1            ;
; state.start_s    ; 0            ; 0            ; 0            ; 0            ; 0            ; 0            ; 0            ; 0            ; 0            ; 1             ; 0                ; 1            ;
; state.bit0_s     ; 0            ; 0            ; 0            ; 0            ; 0            ; 0            ; 0            ; 0            ; 1            ; 0             ; 0                ; 1            ;
; state.bit1_s     ; 0            ; 0            ; 0            ; 0            ; 0            ; 0            ; 0            ; 1            ; 0            ; 0             ; 0                ; 1            ;
; state.bit2_s     ; 0            ; 0            ; 0            ; 0            ; 0            ; 0            ; 1            ; 0            ; 0            ; 0             ; 0                ; 1            ;
; state.bit3_s     ; 0            ; 0            ; 0            ; 0            ; 0            ; 1            ; 0            ; 0            ; 0            ; 0             ; 0                ; 1            ;
; state.bit4_s     ; 0            ; 0            ; 0            ; 0            ; 1            ; 0            ; 0            ; 0            ; 0            ; 0             ; 0                ; 1            ;
; state.bit5_s     ; 0            ; 0            ; 0            ; 1            ; 0            ; 0            ; 0            ; 0            ; 0            ; 0             ; 0                ; 1            ;
; state.bit6_s     ; 0            ; 0            ; 1            ; 0            ; 0            ; 0            ; 0            ; 0            ; 0            ; 0             ; 0                ; 1            ;
; state.bit7_s     ; 0            ; 1            ; 0            ; 0            ; 0            ; 0            ; 0            ; 0            ; 0            ; 0             ; 0                ; 1            ;
; state.stop_s     ; 1            ; 0            ; 0            ; 0            ; 0            ; 0            ; 0            ; 0            ; 0            ; 0             ; 0                ; 1            ;
+------------------+--------------+--------------+--------------+--------------+--------------+--------------+--------------+--------------+--------------+---------------+------------------+--------------+


Encoding Type:  One-Hot
+-------------------------------------------------------------------------------------------------------------------------------------------------------------------------------------+
; State Machine - |DE2_115|uart_top:u_uart_top|uart_receiver:u_rx|state                                                                                                               ;
+---------------+--------------+--------------+--------------+--------------+--------------+--------------+--------------+--------------+--------------+---------------+--------------+
; Name          ; state.stop_s ; state.bit7_s ; state.bit6_s ; state.bit5_s ; state.bit4_s ; state.bit3_s ; state.bit2_s ; state.bit1_s ; state.bit0_s ; state.start_s ; state.idle_s ;
+---------------+--------------+--------------+--------------+--------------+--------------+--------------+--------------+--------------+--------------+---------------+--------------+
; state.idle_s  ; 0            ; 0            ; 0            ; 0            ; 0            ; 0            ; 0            ; 0            ; 0            ; 0             ; 0            ;
; state.start_s ; 0            ; 0            ; 0            ; 0            ; 0            ; 0            ; 0            ; 0            ; 0            ; 1             ; 1            ;
; state.bit0_s  ; 0            ; 0            ; 0            ; 0            ; 0            ; 0            ; 0            ; 0            ; 1            ; 0             ; 1            ;
; state.bit1_s  ; 0            ; 0            ; 0            ; 0            ; 0            ; 0            ; 0            ; 1            ; 0            ; 0             ; 1            ;
; state.bit2_s  ; 0            ; 0            ; 0            ; 0            ; 0            ; 0            ; 1            ; 0            ; 0            ; 0             ; 1            ;
; state.bit3_s  ; 0            ; 0            ; 0            ; 0            ; 0            ; 1            ; 0            ; 0            ; 0            ; 0             ; 1            ;
; state.bit4_s  ; 0            ; 0            ; 0            ; 0            ; 1            ; 0            ; 0            ; 0            ; 0            ; 0             ; 1            ;
; state.bit5_s  ; 0            ; 0            ; 0            ; 1            ; 0            ; 0            ; 0            ; 0            ; 0            ; 0             ; 1            ;
; state.bit6_s  ; 0            ; 0            ; 1            ; 0            ; 0            ; 0            ; 0            ; 0            ; 0            ; 0             ; 1            ;
; state.bit7_s  ; 0            ; 1            ; 0            ; 0            ; 0            ; 0            ; 0            ; 0            ; 0            ; 0             ; 1            ;
; state.stop_s  ; 1            ; 0            ; 0            ; 0            ; 0            ; 0            ; 0            ; 0            ; 0            ; 0             ; 1            ;
+---------------+--------------+--------------+--------------+--------------+--------------+--------------+--------------+--------------+--------------+---------------+--------------+


Encoding Type:  One-Hot
+------------------------------------------------------------------------------------------------------------------------------------------------------------------------------------------------------------------+
; State Machine - |DE2_115|audio_codec_controller:AUDIO_CODEC_INST|currentState                                                                                                                                    ;
+-------------------------------------+-------------------+-------------------------------------+--------------------------------+-------------------------------+-----------------------+-------------------------+
; Name                                ; currentState.stop ; currentState.incrementMuxSelectBits ; currentState.turnOffi2cControl ; currentState.checkAcknowledge ; currentState.transmit ; currentState.resetState ;
+-------------------------------------+-------------------+-------------------------------------+--------------------------------+-------------------------------+-----------------------+-------------------------+
; currentState.resetState             ; 0                 ; 0                                   ; 0                              ; 0                             ; 0                     ; 0                       ;
; currentState.transmit               ; 0                 ; 0                                   ; 0                              ; 0                             ; 1                     ; 1                       ;
; currentState.checkAcknowledge       ; 0                 ; 0                                   ; 0                              ; 1                             ; 0                     ; 1                       ;
; currentState.turnOffi2cControl      ; 0                 ; 0                                   ; 1                              ; 0                             ; 0                     ; 1                       ;
; currentState.incrementMuxSelectBits ; 0                 ; 1                                   ; 0                              ; 0                             ; 0                     ; 1                       ;
; currentState.stop                   ; 1                 ; 0                                   ; 0                              ; 0                             ; 0                     ; 1                       ;
+-------------------------------------+-------------------+-------------------------------------+--------------------------------+-------------------------------+-----------------------+-------------------------+


+--------------------------------------------------------------------------------------------------------------------+
; User-Specified and Inferred Latches                                                                                ;
+-----------------------------------------------------+-------------------------------------+------------------------+
; Latch Name                                          ; Latch Enable Signal                 ; Free of Timing Hazards ;
+-----------------------------------------------------+-------------------------------------+------------------------+
; fir_in[0]                                           ; RESET_DELAY:INST_DELAY_RESET|oRESET ; yes                    ;
; fir_in[1]                                           ; RESET_DELAY:INST_DELAY_RESET|oRESET ; yes                    ;
; fir_in[2]                                           ; RESET_DELAY:INST_DELAY_RESET|oRESET ; yes                    ;
; fir_in[3]                                           ; RESET_DELAY:INST_DELAY_RESET|oRESET ; yes                    ;
; fir_in[4]                                           ; RESET_DELAY:INST_DELAY_RESET|oRESET ; yes                    ;
; fir_in[5]                                           ; RESET_DELAY:INST_DELAY_RESET|oRESET ; yes                    ;
; fir_in[6]                                           ; RESET_DELAY:INST_DELAY_RESET|oRESET ; yes                    ;
; fir_in[7]                                           ; RESET_DELAY:INST_DELAY_RESET|oRESET ; yes                    ;
; fir_in[8]                                           ; RESET_DELAY:INST_DELAY_RESET|oRESET ; yes                    ;
; fir_in[9]                                           ; RESET_DELAY:INST_DELAY_RESET|oRESET ; yes                    ;
; fir_in[10]                                          ; RESET_DELAY:INST_DELAY_RESET|oRESET ; yes                    ;
; fir_in[11]                                          ; RESET_DELAY:INST_DELAY_RESET|oRESET ; yes                    ;
; fir_in[12]                                          ; RESET_DELAY:INST_DELAY_RESET|oRESET ; yes                    ;
; fir_in[13]                                          ; RESET_DELAY:INST_DELAY_RESET|oRESET ; yes                    ;
; fir_in[14]                                          ; RESET_DELAY:INST_DELAY_RESET|oRESET ; yes                    ;
; fir_in[15]                                          ; RESET_DELAY:INST_DELAY_RESET|oRESET ; yes                    ;
; Number of user-specified and inferred latches = 16  ;                                     ;                        ;
+-----------------------------------------------------+-------------------------------------+------------------------+
Note: All latches listed above may not be present at the end of synthesis due to various synthesis optimizations.


+-----------------------------------------------------------------------------------------------------------------------------------------------------------------------------------+
; Registers Removed During Synthesis                                                                                                                                                ;
+-----------------------------------------------------------------------------------------+-----------------------------------------------------------------------------------------+
; Register name                                                                           ; Reason for Removal                                                                      ;
+-----------------------------------------------------------------------------------------+-----------------------------------------------------------------------------------------+
; fir_trans:fir|reg_z[2][31]                                                              ; Lost fanout                                                                             ;
; fir_trans:fir|reg_z[1][31]                                                              ; Lost fanout                                                                             ;
; fir_trans:fir|reg_z[0][31]                                                              ; Lost fanout                                                                             ;
; TESTE_LCD:INST_TESTE_LCD|mLCD_ST[3..5]                                                  ; Merged with TESTE_LCD:INST_TESTE_LCD|mLCD_ST[2]                                         ;
; uart_top:u_uart_top|uart_transmitter:u_tx|shift_reg[5..7]                               ; Merged with uart_top:u_uart_top|uart_transmitter:u_tx|shift_reg[3]                      ;
; uart_top:u_uart_top|uart_transmitter:u_tx|shift_reg[4]                                  ; Merged with uart_top:u_uart_top|uart_transmitter:u_tx|shift_reg[0]                      ;
; uart_top:u_uart_top|tx_data_s[5..7]                                                     ; Merged with uart_top:u_uart_top|tx_data_s[3]                                            ;
; uart_top:u_uart_top|tx_data_s[4]                                                        ; Merged with uart_top:u_uart_top|tx_data_s[0]                                            ;
; audio_codec_controller:AUDIO_CODEC_INST|I2C_Controller:i2cController|SD[16,17,19,22,23] ; Merged with audio_codec_controller:AUDIO_CODEC_INST|I2C_Controller:i2cController|SD[14] ;
; audio_codec_controller:AUDIO_CODEC_INST|I2C_Controller:i2cController|SD[20,21]          ; Merged with audio_codec_controller:AUDIO_CODEC_INST|I2C_Controller:i2cController|SD[18] ;
; audio_codec_controller:AUDIO_CODEC_INST|I2C_Controller:i2cController|SD[8,15]           ; Merged with audio_codec_controller:AUDIO_CODEC_INST|I2C_Controller:i2cController|SD[13] ;
; audio_codec_controller:AUDIO_CODEC_INST|I2C_Controller:i2cController|SD[7]              ; Merged with audio_codec_controller:AUDIO_CODEC_INST|I2C_Controller:i2cController|SD[6]  ;
; uart_top:u_uart_top|tx_data_s[3]                                                        ; Stuck at GND due to stuck port data_in                                                  ;
; uart_top:u_uart_top|uart_transmitter:u_tx|shift_reg[3]                                  ; Stuck at GND due to stuck port data_in                                                  ;
; audio_codec_controller:AUDIO_CODEC_INST|I2C_Controller:i2cController|SD[14]             ; Stuck at GND due to stuck port data_in                                                  ;
; TESTE_LCD:INST_TESTE_LCD|mLCD_ST[2]                                                     ; Stuck at GND due to stuck port data_in                                                  ;
; audio_codec_controller:AUDIO_CODEC_INST|I2C_Controller:i2cController|SD[18]             ; Stuck at VCC due to stuck port data_in                                                  ;
; audio_codec_controller:AUDIO_CODEC_INST|currentState.stop                               ; Lost fanout                                                                             ;
; Total Number of Removed Registers = 30                                                  ;                                                                                         ;
+-----------------------------------------------------------------------------------------+-----------------------------------------------------------------------------------------+


+-----------------------------------------------------------------------------------------------------------------------+
; Removed Registers Triggering Further Register Optimizations                                                           ;
+----------------------------------+---------------------------+--------------------------------------------------------+
; Register name                    ; Reason for Removal        ; Registers Removed due to This Register                 ;
+----------------------------------+---------------------------+--------------------------------------------------------+
; uart_top:u_uart_top|tx_data_s[3] ; Stuck at GND              ; uart_top:u_uart_top|uart_transmitter:u_tx|shift_reg[3] ;
;                                  ; due to stuck port data_in ;                                                        ;
+----------------------------------+---------------------------+--------------------------------------------------------+


+------------------------------------------------------+
; General Register Statistics                          ;
+----------------------------------------------+-------+
; Statistic                                    ; Value ;
+----------------------------------------------+-------+
; Total registers                              ; 582   ;
; Number of registers using Synchronous Clear  ; 189   ;
; Number of registers using Synchronous Load   ; 0     ;
; Number of registers using Asynchronous Clear ; 309   ;
; Number of registers using Asynchronous Load  ; 0     ;
; Number of registers using Clock Enable       ; 351   ;
; Number of registers using Preset             ; 0     ;
+----------------------------------------------+-------+


+-------------------------------------------------------------------------------------------------+
; Inverted Register Statistics                                                                    ;
+---------------------------------------------------------------------------------------+---------+
; Inverted Register                                                                     ; Fan out ;
+---------------------------------------------------------------------------------------+---------+
; uart_top:u_uart_top|uart_transmitter:u_tx|tx_s                                        ; 2       ;
; audio_codec_controller:AUDIO_CODEC_INST|I2C_Controller:i2cController|SCLK             ; 3       ;
; uart_top:u_uart_top|uart_receiver:u_rx|rx_sync1                                       ; 17      ;
; uart_top:u_uart_top|uart_receiver:u_rx|rx_sync0                                       ; 1       ;
; uart_top:u_uart_top|uart_transmitter:u_tx|cts_sync1                                   ; 3       ;
; audio_codec_controller:AUDIO_CODEC_INST|I2C_Controller:i2cController|ACK1             ; 2       ;
; audio_codec_controller:AUDIO_CODEC_INST|I2C_Controller:i2cController|ACK2             ; 2       ;
; audio_codec_controller:AUDIO_CODEC_INST|I2C_Controller:i2cController|ACK3             ; 2       ;
; audio_codec_controller:AUDIO_CODEC_INST|I2C_Controller:i2cController|SDO_REG          ; 9       ;
; uart_top:u_uart_top|uart_receiver:u_rx|sampler_generator:sampler_generator_1|rx_sync1 ; 4       ;
; uart_top:u_uart_top|uart_receiver:u_rx|sampler_generator:sampler_generator_1|rx_sync2 ; 3       ;
; uart_top:u_uart_top|uart_transmitter:u_tx|cts_sync0                                   ; 1       ;
; uart_top:u_uart_top|uart_receiver:u_rx|sampler_generator:sampler_generator_1|rx_sync0 ; 1       ;
; Total number of inverted registers = 13                                               ;         ;
+---------------------------------------------------------------------------------------+---------+


+------------------------------------------------------------------------------------------------------------------------------------------------------------------------------------------------------------------+
; Multiplexer Restructuring Statistics (Restructuring Performed)                                                                                                                                                   ;
+--------------------+-----------+---------------+----------------------+------------------------+------------+----------------------------------------------------------------------------------------------------+
; Multiplexer Inputs ; Bus Width ; Baseline Area ; Area if Restructured ; Saving if Restructured ; Registered ; Example Multiplexer Output                                                                         ;
+--------------------+-----------+---------------+----------------------+------------------------+------------+----------------------------------------------------------------------------------------------------+
; 3:1                ; 80 bits   ; 160 LEs       ; 0 LEs                ; 160 LEs                ; Yes        ; |DE2_115|fir_trans:fir|reg:\gen_reg_uart:1:other:U|reg[10]                                         ;
; 3:1                ; 3 bits    ; 6 LEs         ; 3 LEs                ; 3 LEs                  ; Yes        ; |DE2_115|uart_top:u_uart_top|uart_transmitter:u_tx|shift_reg[1]                                    ;
; 3:1                ; 8 bits    ; 16 LEs        ; 0 LEs                ; 16 LEs                 ; Yes        ; |DE2_115|uart_top:u_uart_top|uart_receiver:u_rx|received_data[7]                                   ;
; 3:1                ; 6 bits    ; 12 LEs        ; 6 LEs                ; 6 LEs                  ; Yes        ; |DE2_115|audio_codec_controller:AUDIO_CODEC_INST|I2C_Controller:i2cController|SD_COUNTER_REG[0]    ;
; 3:1                ; 18 bits   ; 36 LEs        ; 0 LEs                ; 36 LEs                 ; Yes        ; |DE2_115|TESTE_LCD:INST_TESTE_LCD|mDLY[7]                                                          ;
; 4:1                ; 2 bits    ; 4 LEs         ; 2 LEs                ; 2 LEs                  ; Yes        ; |DE2_115|uart_top:u_uart_top|uart_receiver:u_rx|framing_error                                      ;
; 4:1                ; 3 bits    ; 6 LEs         ; 6 LEs                ; 0 LEs                  ; Yes        ; |DE2_115|uart_top:u_uart_top|tx_data_s[0]                                                          ;
; 4:1                ; 10 bits   ; 20 LEs        ; 20 LEs               ; 0 LEs                  ; Yes        ; |DE2_115|uart_top:u_uart_top|uart_receiver:u_rx|sampler_generator:sampler_generator_1|counter[8]   ;
; 3:1                ; 2 bits    ; 4 LEs         ; 2 LEs                ; 2 LEs                  ; Yes        ; |DE2_115|TESTE_LCD:INST_TESTE_LCD|LCD_CONTROLADOR:LCDINST|mStart                                   ;
; 4:1                ; 4 bits    ; 8 LEs         ; 4 LEs                ; 4 LEs                  ; Yes        ; |DE2_115|uart_top:u_uart_top|uart_receiver:u_rx|sampler_generator:sampler_generator_1|bit_index[2] ;
; 4:1                ; 15 bits   ; 30 LEs        ; 30 LEs               ; 0 LEs                  ; Yes        ; |DE2_115|audio_codec_controller:AUDIO_CODEC_INST|AUDIO_buffer_in[13]                               ;
; 5:1                ; 2 bits    ; 6 LEs         ; 4 LEs                ; 2 LEs                  ; Yes        ; |DE2_115|TESTE_LCD:INST_TESTE_LCD|LCD_CONTROLADOR:LCDINST|ST[0]                                    ;
; 5:1                ; 4 bits    ; 12 LEs        ; 4 LEs                ; 8 LEs                  ; Yes        ; |DE2_115|TESTE_LCD:INST_TESTE_LCD|LCD_CONTROLADOR:LCDINST|Cont[0]                                  ;
; 10:1               ; 3 bits    ; 18 LEs        ; 9 LEs                ; 9 LEs                  ; Yes        ; |DE2_115|TESTE_LCD:INST_TESTE_LCD|mLCD_ST[1]                                                       ;
; 8:1                ; 9 bits    ; 45 LEs        ; 9 LEs                ; 36 LEs                 ; Yes        ; |DE2_115|uart_top:u_uart_top|uart_transmitter:u_tx|bit_timer[8]                                    ;
; 3:1                ; 64 bits   ; 128 LEs       ; 64 LEs               ; 64 LEs                 ; Yes        ; |DE2_115|fir_trans:fir|reg:\gen_reg_coefs:1:U|reg[3]                                               ;
; 7:1                ; 2 bits    ; 8 LEs         ; 6 LEs                ; 2 LEs                  ; No         ; |DE2_115|uart_top:u_uart_top|uart_transmitter:u_tx|state                                           ;
+--------------------+-----------+---------------+----------------------+------------------------+------------+----------------------------------------------------------------------------------------------------+


+-------------------------------------------------------------------------------------+
; Parameter Settings for User Entity Instance: PLL1:PLL1_inst|altpll:altpll_component ;
+-------------------------------+------------------------+----------------------------+
; Parameter Name                ; Value                  ; Type                       ;
+-------------------------------+------------------------+----------------------------+
; OPERATION_MODE                ; NORMAL                 ; Untyped                    ;
; PLL_TYPE                      ; AUTO                   ; Untyped                    ;
; LPM_HINT                      ; CBX_MODULE_PREFIX=PLL1 ; Untyped                    ;
; QUALIFY_CONF_DONE             ; OFF                    ; Untyped                    ;
; COMPENSATE_CLOCK              ; CLK0                   ; Untyped                    ;
; SCAN_CHAIN                    ; LONG                   ; Untyped                    ;
; PRIMARY_CLOCK                 ; INCLK0                 ; Untyped                    ;
; INCLK0_INPUT_FREQUENCY        ; 20000                  ; Signed Integer             ;
; INCLK1_INPUT_FREQUENCY        ; 0                      ; Untyped                    ;
; GATE_LOCK_SIGNAL              ; NO                     ; Untyped                    ;
; GATE_LOCK_COUNTER             ; 0                      ; Untyped                    ;
; LOCK_HIGH                     ; 1                      ; Untyped                    ;
; LOCK_LOW                      ; 1                      ; Untyped                    ;
; VALID_LOCK_MULTIPLIER         ; 1                      ; Untyped                    ;
; INVALID_LOCK_MULTIPLIER       ; 5                      ; Untyped                    ;
; SWITCH_OVER_ON_LOSSCLK        ; OFF                    ; Untyped                    ;
; SWITCH_OVER_ON_GATED_LOCK     ; OFF                    ; Untyped                    ;
; ENABLE_SWITCH_OVER_COUNTER    ; OFF                    ; Untyped                    ;
; SKIP_VCO                      ; OFF                    ; Untyped                    ;
; SWITCH_OVER_COUNTER           ; 0                      ; Untyped                    ;
; SWITCH_OVER_TYPE              ; AUTO                   ; Untyped                    ;
; FEEDBACK_SOURCE               ; EXTCLK0                ; Untyped                    ;
; BANDWIDTH                     ; 0                      ; Untyped                    ;
; BANDWIDTH_TYPE                ; AUTO                   ; Untyped                    ;
; SPREAD_FREQUENCY              ; 0                      ; Untyped                    ;
; DOWN_SPREAD                   ; 0                      ; Untyped                    ;
; SELF_RESET_ON_GATED_LOSS_LOCK ; OFF                    ; Untyped                    ;
; SELF_RESET_ON_LOSS_LOCK       ; OFF                    ; Untyped                    ;
; CLK9_MULTIPLY_BY              ; 0                      ; Untyped                    ;
; CLK8_MULTIPLY_BY              ; 0                      ; Untyped                    ;
; CLK7_MULTIPLY_BY              ; 0                      ; Untyped                    ;
; CLK6_MULTIPLY_BY              ; 0                      ; Untyped                    ;
; CLK5_MULTIPLY_BY              ; 1                      ; Untyped                    ;
; CLK4_MULTIPLY_BY              ; 1                      ; Untyped                    ;
; CLK3_MULTIPLY_BY              ; 1                      ; Untyped                    ;
; CLK2_MULTIPLY_BY              ; 1                      ; Untyped                    ;
; CLK1_MULTIPLY_BY              ; 1                      ; Untyped                    ;
; CLK0_MULTIPLY_BY              ; 6                      ; Signed Integer             ;
; CLK9_DIVIDE_BY                ; 0                      ; Untyped                    ;
; CLK8_DIVIDE_BY                ; 0                      ; Untyped                    ;
; CLK7_DIVIDE_BY                ; 0                      ; Untyped                    ;
; CLK6_DIVIDE_BY                ; 0                      ; Untyped                    ;
; CLK5_DIVIDE_BY                ; 1                      ; Untyped                    ;
; CLK4_DIVIDE_BY                ; 1                      ; Untyped                    ;
; CLK3_DIVIDE_BY                ; 1                      ; Untyped                    ;
; CLK2_DIVIDE_BY                ; 1                      ; Untyped                    ;
; CLK1_DIVIDE_BY                ; 1                      ; Untyped                    ;
; CLK0_DIVIDE_BY                ; 25                     ; Signed Integer             ;
; CLK9_PHASE_SHIFT              ; 0                      ; Untyped                    ;
; CLK8_PHASE_SHIFT              ; 0                      ; Untyped                    ;
; CLK7_PHASE_SHIFT              ; 0                      ; Untyped                    ;
; CLK6_PHASE_SHIFT              ; 0                      ; Untyped                    ;
; CLK5_PHASE_SHIFT              ; 0                      ; Untyped                    ;
; CLK4_PHASE_SHIFT              ; 0                      ; Untyped                    ;
; CLK3_PHASE_SHIFT              ; 0                      ; Untyped                    ;
; CLK2_PHASE_SHIFT              ; 0                      ; Untyped                    ;
; CLK1_PHASE_SHIFT              ; 0                      ; Untyped                    ;
; CLK0_PHASE_SHIFT              ; 0                      ; Untyped                    ;
; CLK5_TIME_DELAY               ; 0                      ; Untyped                    ;
; CLK4_TIME_DELAY               ; 0                      ; Untyped                    ;
; CLK3_TIME_DELAY               ; 0                      ; Untyped                    ;
; CLK2_TIME_DELAY               ; 0                      ; Untyped                    ;
; CLK1_TIME_DELAY               ; 0                      ; Untyped                    ;
; CLK0_TIME_DELAY               ; 0                      ; Untyped                    ;
; CLK9_DUTY_CYCLE               ; 50                     ; Untyped                    ;
; CLK8_DUTY_CYCLE               ; 50                     ; Untyped                    ;
; CLK7_DUTY_CYCLE               ; 50                     ; Untyped                    ;
; CLK6_DUTY_CYCLE               ; 50                     ; Untyped                    ;
; CLK5_DUTY_CYCLE               ; 50                     ; Untyped                    ;
; CLK4_DUTY_CYCLE               ; 50                     ; Untyped                    ;
; CLK3_DUTY_CYCLE               ; 50                     ; Untyped                    ;
; CLK2_DUTY_CYCLE               ; 50                     ; Untyped                    ;
; CLK1_DUTY_CYCLE               ; 50                     ; Untyped                    ;
; CLK0_DUTY_CYCLE               ; 50                     ; Signed Integer             ;
; CLK9_USE_EVEN_COUNTER_MODE    ; OFF                    ; Untyped                    ;
; CLK8_USE_EVEN_COUNTER_MODE    ; OFF                    ; Untyped                    ;
; CLK7_USE_EVEN_COUNTER_MODE    ; OFF                    ; Untyped                    ;
; CLK6_USE_EVEN_COUNTER_MODE    ; OFF                    ; Untyped                    ;
; CLK5_USE_EVEN_COUNTER_MODE    ; OFF                    ; Untyped                    ;
; CLK4_USE_EVEN_COUNTER_MODE    ; OFF                    ; Untyped                    ;
; CLK3_USE_EVEN_COUNTER_MODE    ; OFF                    ; Untyped                    ;
; CLK2_USE_EVEN_COUNTER_MODE    ; OFF                    ; Untyped                    ;
; CLK1_USE_EVEN_COUNTER_MODE    ; OFF                    ; Untyped                    ;
; CLK0_USE_EVEN_COUNTER_MODE    ; OFF                    ; Untyped                    ;
; CLK9_USE_EVEN_COUNTER_VALUE   ; OFF                    ; Untyped                    ;
; CLK8_USE_EVEN_COUNTER_VALUE   ; OFF                    ; Untyped                    ;
; CLK7_USE_EVEN_COUNTER_VALUE   ; OFF                    ; Untyped                    ;
; CLK6_USE_EVEN_COUNTER_VALUE   ; OFF                    ; Untyped                    ;
; CLK5_USE_EVEN_COUNTER_VALUE   ; OFF                    ; Untyped                    ;
; CLK4_USE_EVEN_COUNTER_VALUE   ; OFF                    ; Untyped                    ;
; CLK3_USE_EVEN_COUNTER_VALUE   ; OFF                    ; Untyped                    ;
; CLK2_USE_EVEN_COUNTER_VALUE   ; OFF                    ; Untyped                    ;
; CLK1_USE_EVEN_COUNTER_VALUE   ; OFF                    ; Untyped                    ;
; CLK0_USE_EVEN_COUNTER_VALUE   ; OFF                    ; Untyped                    ;
; LOCK_WINDOW_UI                ;  0.05                  ; Untyped                    ;
; LOCK_WINDOW_UI_BITS           ; UNUSED                 ; Untyped                    ;
; VCO_RANGE_DETECTOR_LOW_BITS   ; UNUSED                 ; Untyped                    ;
; VCO_RANGE_DETECTOR_HIGH_BITS  ; UNUSED                 ; Untyped                    ;
; DPA_MULTIPLY_BY               ; 0                      ; Untyped                    ;
; DPA_DIVIDE_BY                 ; 1                      ; Untyped                    ;
; DPA_DIVIDER                   ; 0                      ; Untyped                    ;
; EXTCLK3_MULTIPLY_BY           ; 1                      ; Untyped                    ;
; EXTCLK2_MULTIPLY_BY           ; 1                      ; Untyped                    ;
; EXTCLK1_MULTIPLY_BY           ; 1                      ; Untyped                    ;
; EXTCLK0_MULTIPLY_BY           ; 1                      ; Untyped                    ;
; EXTCLK3_DIVIDE_BY             ; 1                      ; Untyped                    ;
; EXTCLK2_DIVIDE_BY             ; 1                      ; Untyped                    ;
; EXTCLK1_DIVIDE_BY             ; 1                      ; Untyped                    ;
; EXTCLK0_DIVIDE_BY             ; 1                      ; Untyped                    ;
; EXTCLK3_PHASE_SHIFT           ; 0                      ; Untyped                    ;
; EXTCLK2_PHASE_SHIFT           ; 0                      ; Untyped                    ;
; EXTCLK1_PHASE_SHIFT           ; 0                      ; Untyped                    ;
; EXTCLK0_PHASE_SHIFT           ; 0                      ; Untyped                    ;
; EXTCLK3_TIME_DELAY            ; 0                      ; Untyped                    ;
; EXTCLK2_TIME_DELAY            ; 0                      ; Untyped                    ;
; EXTCLK1_TIME_DELAY            ; 0                      ; Untyped                    ;
; EXTCLK0_TIME_DELAY            ; 0                      ; Untyped                    ;
; EXTCLK3_DUTY_CYCLE            ; 50                     ; Untyped                    ;
; EXTCLK2_DUTY_CYCLE            ; 50                     ; Untyped                    ;
; EXTCLK1_DUTY_CYCLE            ; 50                     ; Untyped                    ;
; EXTCLK0_DUTY_CYCLE            ; 50                     ; Untyped                    ;
; VCO_MULTIPLY_BY               ; 0                      ; Untyped                    ;
; VCO_DIVIDE_BY                 ; 0                      ; Untyped                    ;
; SCLKOUT0_PHASE_SHIFT          ; 0                      ; Untyped                    ;
; SCLKOUT1_PHASE_SHIFT          ; 0                      ; Untyped                    ;
; VCO_MIN                       ; 0                      ; Untyped                    ;
; VCO_MAX                       ; 0                      ; Untyped                    ;
; VCO_CENTER                    ; 0                      ; Untyped                    ;
; PFD_MIN                       ; 0                      ; Untyped                    ;
; PFD_MAX                       ; 0                      ; Untyped                    ;
; M_INITIAL                     ; 0                      ; Untyped                    ;
; M                             ; 0                      ; Untyped                    ;
; N                             ; 1                      ; Untyped                    ;
; M2                            ; 1                      ; Untyped                    ;
; N2                            ; 1                      ; Untyped                    ;
; SS                            ; 1                      ; Untyped                    ;
; C0_HIGH                       ; 0                      ; Untyped                    ;
; C1_HIGH                       ; 0                      ; Untyped                    ;
; C2_HIGH                       ; 0                      ; Untyped                    ;
; C3_HIGH                       ; 0                      ; Untyped                    ;
; C4_HIGH                       ; 0                      ; Untyped                    ;
; C5_HIGH                       ; 0                      ; Untyped                    ;
; C6_HIGH                       ; 0                      ; Untyped                    ;
; C7_HIGH                       ; 0                      ; Untyped                    ;
; C8_HIGH                       ; 0                      ; Untyped                    ;
; C9_HIGH                       ; 0                      ; Untyped                    ;
; C0_LOW                        ; 0                      ; Untyped                    ;
; C1_LOW                        ; 0                      ; Untyped                    ;
; C2_LOW                        ; 0                      ; Untyped                    ;
; C3_LOW                        ; 0                      ; Untyped                    ;
; C4_LOW                        ; 0                      ; Untyped                    ;
; C5_LOW                        ; 0                      ; Untyped                    ;
; C6_LOW                        ; 0                      ; Untyped                    ;
; C7_LOW                        ; 0                      ; Untyped                    ;
; C8_LOW                        ; 0                      ; Untyped                    ;
; C9_LOW                        ; 0                      ; Untyped                    ;
; C0_INITIAL                    ; 0                      ; Untyped                    ;
; C1_INITIAL                    ; 0                      ; Untyped                    ;
; C2_INITIAL                    ; 0                      ; Untyped                    ;
; C3_INITIAL                    ; 0                      ; Untyped                    ;
; C4_INITIAL                    ; 0                      ; Untyped                    ;
; C5_INITIAL                    ; 0                      ; Untyped                    ;
; C6_INITIAL                    ; 0                      ; Untyped                    ;
; C7_INITIAL                    ; 0                      ; Untyped                    ;
; C8_INITIAL                    ; 0                      ; Untyped                    ;
; C9_INITIAL                    ; 0                      ; Untyped                    ;
; C0_MODE                       ; BYPASS                 ; Untyped                    ;
; C1_MODE                       ; BYPASS                 ; Untyped                    ;
; C2_MODE                       ; BYPASS                 ; Untyped                    ;
; C3_MODE                       ; BYPASS                 ; Untyped                    ;
; C4_MODE                       ; BYPASS                 ; Untyped                    ;
; C5_MODE                       ; BYPASS                 ; Untyped                    ;
; C6_MODE                       ; BYPASS                 ; Untyped                    ;
; C7_MODE                       ; BYPASS                 ; Untyped                    ;
; C8_MODE                       ; BYPASS                 ; Untyped                    ;
; C9_MODE                       ; BYPASS                 ; Untyped                    ;
; C0_PH                         ; 0                      ; Untyped                    ;
; C1_PH                         ; 0                      ; Untyped                    ;
; C2_PH                         ; 0                      ; Untyped                    ;
; C3_PH                         ; 0                      ; Untyped                    ;
; C4_PH                         ; 0                      ; Untyped                    ;
; C5_PH                         ; 0                      ; Untyped                    ;
; C6_PH                         ; 0                      ; Untyped                    ;
; C7_PH                         ; 0                      ; Untyped                    ;
; C8_PH                         ; 0                      ; Untyped                    ;
; C9_PH                         ; 0                      ; Untyped                    ;
; L0_HIGH                       ; 1                      ; Untyped                    ;
; L1_HIGH                       ; 1                      ; Untyped                    ;
; G0_HIGH                       ; 1                      ; Untyped                    ;
; G1_HIGH                       ; 1                      ; Untyped                    ;
; G2_HIGH                       ; 1                      ; Untyped                    ;
; G3_HIGH                       ; 1                      ; Untyped                    ;
; E0_HIGH                       ; 1                      ; Untyped                    ;
; E1_HIGH                       ; 1                      ; Untyped                    ;
; E2_HIGH                       ; 1                      ; Untyped                    ;
; E3_HIGH                       ; 1                      ; Untyped                    ;
; L0_LOW                        ; 1                      ; Untyped                    ;
; L1_LOW                        ; 1                      ; Untyped                    ;
; G0_LOW                        ; 1                      ; Untyped                    ;
; G1_LOW                        ; 1                      ; Untyped                    ;
; G2_LOW                        ; 1                      ; Untyped                    ;
; G3_LOW                        ; 1                      ; Untyped                    ;
; E0_LOW                        ; 1                      ; Untyped                    ;
; E1_LOW                        ; 1                      ; Untyped                    ;
; E2_LOW                        ; 1                      ; Untyped                    ;
; E3_LOW                        ; 1                      ; Untyped                    ;
; L0_INITIAL                    ; 1                      ; Untyped                    ;
; L1_INITIAL                    ; 1                      ; Untyped                    ;
; G0_INITIAL                    ; 1                      ; Untyped                    ;
; G1_INITIAL                    ; 1                      ; Untyped                    ;
; G2_INITIAL                    ; 1                      ; Untyped                    ;
; G3_INITIAL                    ; 1                      ; Untyped                    ;
; E0_INITIAL                    ; 1                      ; Untyped                    ;
; E1_INITIAL                    ; 1                      ; Untyped                    ;
; E2_INITIAL                    ; 1                      ; Untyped                    ;
; E3_INITIAL                    ; 1                      ; Untyped                    ;
; L0_MODE                       ; BYPASS                 ; Untyped                    ;
; L1_MODE                       ; BYPASS                 ; Untyped                    ;
; G0_MODE                       ; BYPASS                 ; Untyped                    ;
; G1_MODE                       ; BYPASS                 ; Untyped                    ;
; G2_MODE                       ; BYPASS                 ; Untyped                    ;
; G3_MODE                       ; BYPASS                 ; Untyped                    ;
; E0_MODE                       ; BYPASS                 ; Untyped                    ;
; E1_MODE                       ; BYPASS                 ; Untyped                    ;
; E2_MODE                       ; BYPASS                 ; Untyped                    ;
; E3_MODE                       ; BYPASS                 ; Untyped                    ;
; L0_PH                         ; 0                      ; Untyped                    ;
; L1_PH                         ; 0                      ; Untyped                    ;
; G0_PH                         ; 0                      ; Untyped                    ;
; G1_PH                         ; 0                      ; Untyped                    ;
; G2_PH                         ; 0                      ; Untyped                    ;
; G3_PH                         ; 0                      ; Untyped                    ;
; E0_PH                         ; 0                      ; Untyped                    ;
; E1_PH                         ; 0                      ; Untyped                    ;
; E2_PH                         ; 0                      ; Untyped                    ;
; E3_PH                         ; 0                      ; Untyped                    ;
; M_PH                          ; 0                      ; Untyped                    ;
; C1_USE_CASC_IN                ; OFF                    ; Untyped                    ;
; C2_USE_CASC_IN                ; OFF                    ; Untyped                    ;
; C3_USE_CASC_IN                ; OFF                    ; Untyped                    ;
; C4_USE_CASC_IN                ; OFF                    ; Untyped                    ;
; C5_USE_CASC_IN                ; OFF                    ; Untyped                    ;
; C6_USE_CASC_IN                ; OFF                    ; Untyped                    ;
; C7_USE_CASC_IN                ; OFF                    ; Untyped                    ;
; C8_USE_CASC_IN                ; OFF                    ; Untyped                    ;
; C9_USE_CASC_IN                ; OFF                    ; Untyped                    ;
; CLK0_COUNTER                  ; G0                     ; Untyped                    ;
; CLK1_COUNTER                  ; G0                     ; Untyped                    ;
; CLK2_COUNTER                  ; G0                     ; Untyped                    ;
; CLK3_COUNTER                  ; G0                     ; Untyped                    ;
; CLK4_COUNTER                  ; G0                     ; Untyped                    ;
; CLK5_COUNTER                  ; G0                     ; Untyped                    ;
; CLK6_COUNTER                  ; E0                     ; Untyped                    ;
; CLK7_COUNTER                  ; E1                     ; Untyped                    ;
; CLK8_COUNTER                  ; E2                     ; Untyped                    ;
; CLK9_COUNTER                  ; E3                     ; Untyped                    ;
; L0_TIME_DELAY                 ; 0                      ; Untyped                    ;
; L1_TIME_DELAY                 ; 0                      ; Untyped                    ;
; G0_TIME_DELAY                 ; 0                      ; Untyped                    ;
; G1_TIME_DELAY                 ; 0                      ; Untyped                    ;
; G2_TIME_DELAY                 ; 0                      ; Untyped                    ;
; G3_TIME_DELAY                 ; 0                      ; Untyped                    ;
; E0_TIME_DELAY                 ; 0                      ; Untyped                    ;
; E1_TIME_DELAY                 ; 0                      ; Untyped                    ;
; E2_TIME_DELAY                 ; 0                      ; Untyped                    ;
; E3_TIME_DELAY                 ; 0                      ; Untyped                    ;
; M_TIME_DELAY                  ; 0                      ; Untyped                    ;
; N_TIME_DELAY                  ; 0                      ; Untyped                    ;
; EXTCLK3_COUNTER               ; E3                     ; Untyped                    ;
; EXTCLK2_COUNTER               ; E2                     ; Untyped                    ;
; EXTCLK1_COUNTER               ; E1                     ; Untyped                    ;
; EXTCLK0_COUNTER               ; E0                     ; Untyped                    ;
; ENABLE0_COUNTER               ; L0                     ; Untyped                    ;
; ENABLE1_COUNTER               ; L0                     ; Untyped                    ;
; CHARGE_PUMP_CURRENT           ; 2                      ; Untyped                    ;
; LOOP_FILTER_R                 ;  1.000000              ; Untyped                    ;
; LOOP_FILTER_C                 ; 5                      ; Untyped                    ;
; CHARGE_PUMP_CURRENT_BITS      ; 9999                   ; Untyped                    ;
; LOOP_FILTER_R_BITS            ; 9999                   ; Untyped                    ;
; LOOP_FILTER_C_BITS            ; 9999                   ; Untyped                    ;
; VCO_POST_SCALE                ; 0                      ; Untyped                    ;
; CLK2_OUTPUT_FREQUENCY         ; 0                      ; Untyped                    ;
; CLK1_OUTPUT_FREQUENCY         ; 0                      ; Untyped                    ;
; CLK0_OUTPUT_FREQUENCY         ; 0                      ; Untyped                    ;
; INTENDED_DEVICE_FAMILY        ; Cyclone IV E           ; Untyped                    ;
; PORT_CLKENA0                  ; PORT_UNUSED            ; Untyped                    ;
; PORT_CLKENA1                  ; PORT_UNUSED            ; Untyped                    ;
; PORT_CLKENA2                  ; PORT_UNUSED            ; Untyped                    ;
; PORT_CLKENA3                  ; PORT_UNUSED            ; Untyped                    ;
; PORT_CLKENA4                  ; PORT_UNUSED            ; Untyped                    ;
; PORT_CLKENA5                  ; PORT_UNUSED            ; Untyped                    ;
; PORT_EXTCLKENA0               ; PORT_CONNECTIVITY      ; Untyped                    ;
; PORT_EXTCLKENA1               ; PORT_CONNECTIVITY      ; Untyped                    ;
; PORT_EXTCLKENA2               ; PORT_CONNECTIVITY      ; Untyped                    ;
; PORT_EXTCLKENA3               ; PORT_CONNECTIVITY      ; Untyped                    ;
; PORT_EXTCLK0                  ; PORT_UNUSED            ; Untyped                    ;
; PORT_EXTCLK1                  ; PORT_UNUSED            ; Untyped                    ;
; PORT_EXTCLK2                  ; PORT_UNUSED            ; Untyped                    ;
; PORT_EXTCLK3                  ; PORT_UNUSED            ; Untyped                    ;
; PORT_CLKBAD0                  ; PORT_UNUSED            ; Untyped                    ;
; PORT_CLKBAD1                  ; PORT_UNUSED            ; Untyped                    ;
; PORT_CLK0                     ; PORT_USED              ; Untyped                    ;
; PORT_CLK1                     ; PORT_UNUSED            ; Untyped                    ;
; PORT_CLK2                     ; PORT_UNUSED            ; Untyped                    ;
; PORT_CLK3                     ; PORT_UNUSED            ; Untyped                    ;
; PORT_CLK4                     ; PORT_UNUSED            ; Untyped                    ;
; PORT_CLK5                     ; PORT_UNUSED            ; Untyped                    ;
; PORT_CLK6                     ; PORT_UNUSED            ; Untyped                    ;
; PORT_CLK7                     ; PORT_UNUSED            ; Untyped                    ;
; PORT_CLK8                     ; PORT_UNUSED            ; Untyped                    ;
; PORT_CLK9                     ; PORT_UNUSED            ; Untyped                    ;
; PORT_SCANDATA                 ; PORT_UNUSED            ; Untyped                    ;
; PORT_SCANDATAOUT              ; PORT_UNUSED            ; Untyped                    ;
; PORT_SCANDONE                 ; PORT_UNUSED            ; Untyped                    ;
; PORT_SCLKOUT1                 ; PORT_CONNECTIVITY      ; Untyped                    ;
; PORT_SCLKOUT0                 ; PORT_CONNECTIVITY      ; Untyped                    ;
; PORT_ACTIVECLOCK              ; PORT_UNUSED            ; Untyped                    ;
; PORT_CLKLOSS                  ; PORT_UNUSED            ; Untyped                    ;
; PORT_INCLK1                   ; PORT_UNUSED            ; Untyped                    ;
; PORT_INCLK0                   ; PORT_USED              ; Untyped                    ;
; PORT_FBIN                     ; PORT_UNUSED            ; Untyped                    ;
; PORT_PLLENA                   ; PORT_UNUSED            ; Untyped                    ;
; PORT_CLKSWITCH                ; PORT_UNUSED            ; Untyped                    ;
; PORT_ARESET                   ; PORT_UNUSED            ; Untyped                    ;
; PORT_PFDENA                   ; PORT_UNUSED            ; Untyped                    ;
; PORT_SCANCLK                  ; PORT_UNUSED            ; Untyped                    ;
; PORT_SCANACLR                 ; PORT_UNUSED            ; Untyped                    ;
; PORT_SCANREAD                 ; PORT_UNUSED            ; Untyped                    ;
; PORT_SCANWRITE                ; PORT_UNUSED            ; Untyped                    ;
; PORT_ENABLE0                  ; PORT_CONNECTIVITY      ; Untyped                    ;
; PORT_ENABLE1                  ; PORT_CONNECTIVITY      ; Untyped                    ;
; PORT_LOCKED                   ; PORT_UNUSED            ; Untyped                    ;
; PORT_CONFIGUPDATE             ; PORT_UNUSED            ; Untyped                    ;
; PORT_FBOUT                    ; PORT_CONNECTIVITY      ; Untyped                    ;
; PORT_PHASEDONE                ; PORT_UNUSED            ; Untyped                    ;
; PORT_PHASESTEP                ; PORT_UNUSED            ; Untyped                    ;
; PORT_PHASEUPDOWN              ; PORT_UNUSED            ; Untyped                    ;
; PORT_SCANCLKENA               ; PORT_UNUSED            ; Untyped                    ;
; PORT_PHASECOUNTERSELECT       ; PORT_UNUSED            ; Untyped                    ;
; PORT_VCOOVERRANGE             ; PORT_CONNECTIVITY      ; Untyped                    ;
; PORT_VCOUNDERRANGE            ; PORT_CONNECTIVITY      ; Untyped                    ;
; M_TEST_SOURCE                 ; 5                      ; Untyped                    ;
; C0_TEST_SOURCE                ; 5                      ; Untyped                    ;
; C1_TEST_SOURCE                ; 5                      ; Untyped                    ;
; C2_TEST_SOURCE                ; 5                      ; Untyped                    ;
; C3_TEST_SOURCE                ; 5                      ; Untyped                    ;
; C4_TEST_SOURCE                ; 5                      ; Untyped                    ;
; C5_TEST_SOURCE                ; 5                      ; Untyped                    ;
; C6_TEST_SOURCE                ; 5                      ; Untyped                    ;
; C7_TEST_SOURCE                ; 5                      ; Untyped                    ;
; C8_TEST_SOURCE                ; 5                      ; Untyped                    ;
; C9_TEST_SOURCE                ; 5                      ; Untyped                    ;
; CBXI_PARAMETER                ; PLL1_altpll            ; Untyped                    ;
; VCO_FREQUENCY_CONTROL         ; AUTO                   ; Untyped                    ;
; VCO_PHASE_SHIFT_STEP          ; 0                      ; Untyped                    ;
; WIDTH_CLOCK                   ; 5                      ; Signed Integer             ;
; WIDTH_PHASECOUNTERSELECT      ; 4                      ; Untyped                    ;
; USING_FBMIMICBIDIR_PORT       ; OFF                    ; Untyped                    ;
; DEVICE_FAMILY                 ; Cyclone IV E           ; Untyped                    ;
; SCAN_CHAIN_MIF_FILE           ; UNUSED                 ; Untyped                    ;
; SIM_GATE_LOCK_DEVICE_BEHAVIOR ; OFF                    ; Untyped                    ;
; AUTO_CARRY_CHAINS             ; ON                     ; AUTO_CARRY                 ;
; IGNORE_CARRY_BUFFERS          ; OFF                    ; IGNORE_CARRY               ;
; AUTO_CASCADE_CHAINS           ; ON                     ; AUTO_CASCADE               ;
; IGNORE_CASCADE_BUFFERS        ; OFF                    ; IGNORE_CASCADE             ;
+-------------------------------+------------------------+----------------------------+
Note: In order to hide this table in the UI and the text report file, please set the "Show Parameter Settings in Synthesis Report" option in "Analysis and Synthesis Settings -> More Settings" to "Off".


+-------------------------------------------------------------------------------------+
; Parameter Settings for User Entity Instance: PLL2:PLL2_inst|altpll:altpll_component ;
+-------------------------------+------------------------+----------------------------+
; Parameter Name                ; Value                  ; Type                       ;
+-------------------------------+------------------------+----------------------------+
; OPERATION_MODE                ; NO_COMPENSATION        ; Untyped                    ;
; PLL_TYPE                      ; AUTO                   ; Untyped                    ;
; LPM_HINT                      ; CBX_MODULE_PREFIX=PLL2 ; Untyped                    ;
; QUALIFY_CONF_DONE             ; OFF                    ; Untyped                    ;
; COMPENSATE_CLOCK              ; CLK0                   ; Untyped                    ;
; SCAN_CHAIN                    ; LONG                   ; Untyped                    ;
; PRIMARY_CLOCK                 ; INCLK0                 ; Untyped                    ;
; INCLK0_INPUT_FREQUENCY        ; 20000                  ; Signed Integer             ;
; INCLK1_INPUT_FREQUENCY        ; 0                      ; Untyped                    ;
; GATE_LOCK_SIGNAL              ; NO                     ; Untyped                    ;
; GATE_LOCK_COUNTER             ; 0                      ; Untyped                    ;
; LOCK_HIGH                     ; 1                      ; Untyped                    ;
; LOCK_LOW                      ; 1                      ; Untyped                    ;
; VALID_LOCK_MULTIPLIER         ; 1                      ; Untyped                    ;
; INVALID_LOCK_MULTIPLIER       ; 5                      ; Untyped                    ;
; SWITCH_OVER_ON_LOSSCLK        ; OFF                    ; Untyped                    ;
; SWITCH_OVER_ON_GATED_LOCK     ; OFF                    ; Untyped                    ;
; ENABLE_SWITCH_OVER_COUNTER    ; OFF                    ; Untyped                    ;
; SKIP_VCO                      ; OFF                    ; Untyped                    ;
; SWITCH_OVER_COUNTER           ; 0                      ; Untyped                    ;
; SWITCH_OVER_TYPE              ; AUTO                   ; Untyped                    ;
; FEEDBACK_SOURCE               ; EXTCLK0                ; Untyped                    ;
; BANDWIDTH                     ; 0                      ; Untyped                    ;
; BANDWIDTH_TYPE                ; AUTO                   ; Untyped                    ;
; SPREAD_FREQUENCY              ; 0                      ; Untyped                    ;
; DOWN_SPREAD                   ; 0                      ; Untyped                    ;
; SELF_RESET_ON_GATED_LOSS_LOCK ; OFF                    ; Untyped                    ;
; SELF_RESET_ON_LOSS_LOCK       ; OFF                    ; Untyped                    ;
; CLK9_MULTIPLY_BY              ; 0                      ; Untyped                    ;
; CLK8_MULTIPLY_BY              ; 0                      ; Untyped                    ;
; CLK7_MULTIPLY_BY              ; 0                      ; Untyped                    ;
; CLK6_MULTIPLY_BY              ; 0                      ; Untyped                    ;
; CLK5_MULTIPLY_BY              ; 1                      ; Untyped                    ;
; CLK4_MULTIPLY_BY              ; 1                      ; Untyped                    ;
; CLK3_MULTIPLY_BY              ; 1                      ; Untyped                    ;
; CLK2_MULTIPLY_BY              ; 1                      ; Untyped                    ;
; CLK1_MULTIPLY_BY              ; 1                      ; Untyped                    ;
; CLK0_MULTIPLY_BY              ; 1                      ; Signed Integer             ;
; CLK9_DIVIDE_BY                ; 0                      ; Untyped                    ;
; CLK8_DIVIDE_BY                ; 0                      ; Untyped                    ;
; CLK7_DIVIDE_BY                ; 0                      ; Untyped                    ;
; CLK6_DIVIDE_BY                ; 0                      ; Untyped                    ;
; CLK5_DIVIDE_BY                ; 1                      ; Untyped                    ;
; CLK4_DIVIDE_BY                ; 1                      ; Untyped                    ;
; CLK3_DIVIDE_BY                ; 1                      ; Untyped                    ;
; CLK2_DIVIDE_BY                ; 1                      ; Untyped                    ;
; CLK1_DIVIDE_BY                ; 1                      ; Untyped                    ;
; CLK0_DIVIDE_BY                ; 250                    ; Signed Integer             ;
; CLK9_PHASE_SHIFT              ; 0                      ; Untyped                    ;
; CLK8_PHASE_SHIFT              ; 0                      ; Untyped                    ;
; CLK7_PHASE_SHIFT              ; 0                      ; Untyped                    ;
; CLK6_PHASE_SHIFT              ; 0                      ; Untyped                    ;
; CLK5_PHASE_SHIFT              ; 0                      ; Untyped                    ;
; CLK4_PHASE_SHIFT              ; 0                      ; Untyped                    ;
; CLK3_PHASE_SHIFT              ; 0                      ; Untyped                    ;
; CLK2_PHASE_SHIFT              ; 0                      ; Untyped                    ;
; CLK1_PHASE_SHIFT              ; 0                      ; Untyped                    ;
; CLK0_PHASE_SHIFT              ; 0                      ; Untyped                    ;
; CLK5_TIME_DELAY               ; 0                      ; Untyped                    ;
; CLK4_TIME_DELAY               ; 0                      ; Untyped                    ;
; CLK3_TIME_DELAY               ; 0                      ; Untyped                    ;
; CLK2_TIME_DELAY               ; 0                      ; Untyped                    ;
; CLK1_TIME_DELAY               ; 0                      ; Untyped                    ;
; CLK0_TIME_DELAY               ; 0                      ; Untyped                    ;
; CLK9_DUTY_CYCLE               ; 50                     ; Untyped                    ;
; CLK8_DUTY_CYCLE               ; 50                     ; Untyped                    ;
; CLK7_DUTY_CYCLE               ; 50                     ; Untyped                    ;
; CLK6_DUTY_CYCLE               ; 50                     ; Untyped                    ;
; CLK5_DUTY_CYCLE               ; 50                     ; Untyped                    ;
; CLK4_DUTY_CYCLE               ; 50                     ; Untyped                    ;
; CLK3_DUTY_CYCLE               ; 50                     ; Untyped                    ;
; CLK2_DUTY_CYCLE               ; 50                     ; Untyped                    ;
; CLK1_DUTY_CYCLE               ; 50                     ; Untyped                    ;
; CLK0_DUTY_CYCLE               ; 50                     ; Signed Integer             ;
; CLK9_USE_EVEN_COUNTER_MODE    ; OFF                    ; Untyped                    ;
; CLK8_USE_EVEN_COUNTER_MODE    ; OFF                    ; Untyped                    ;
; CLK7_USE_EVEN_COUNTER_MODE    ; OFF                    ; Untyped                    ;
; CLK6_USE_EVEN_COUNTER_MODE    ; OFF                    ; Untyped                    ;
; CLK5_USE_EVEN_COUNTER_MODE    ; OFF                    ; Untyped                    ;
; CLK4_USE_EVEN_COUNTER_MODE    ; OFF                    ; Untyped                    ;
; CLK3_USE_EVEN_COUNTER_MODE    ; OFF                    ; Untyped                    ;
; CLK2_USE_EVEN_COUNTER_MODE    ; OFF                    ; Untyped                    ;
; CLK1_USE_EVEN_COUNTER_MODE    ; OFF                    ; Untyped                    ;
; CLK0_USE_EVEN_COUNTER_MODE    ; OFF                    ; Untyped                    ;
; CLK9_USE_EVEN_COUNTER_VALUE   ; OFF                    ; Untyped                    ;
; CLK8_USE_EVEN_COUNTER_VALUE   ; OFF                    ; Untyped                    ;
; CLK7_USE_EVEN_COUNTER_VALUE   ; OFF                    ; Untyped                    ;
; CLK6_USE_EVEN_COUNTER_VALUE   ; OFF                    ; Untyped                    ;
; CLK5_USE_EVEN_COUNTER_VALUE   ; OFF                    ; Untyped                    ;
; CLK4_USE_EVEN_COUNTER_VALUE   ; OFF                    ; Untyped                    ;
; CLK3_USE_EVEN_COUNTER_VALUE   ; OFF                    ; Untyped                    ;
; CLK2_USE_EVEN_COUNTER_VALUE   ; OFF                    ; Untyped                    ;
; CLK1_USE_EVEN_COUNTER_VALUE   ; OFF                    ; Untyped                    ;
; CLK0_USE_EVEN_COUNTER_VALUE   ; OFF                    ; Untyped                    ;
; LOCK_WINDOW_UI                ;  0.05                  ; Untyped                    ;
; LOCK_WINDOW_UI_BITS           ; UNUSED                 ; Untyped                    ;
; VCO_RANGE_DETECTOR_LOW_BITS   ; UNUSED                 ; Untyped                    ;
; VCO_RANGE_DETECTOR_HIGH_BITS  ; UNUSED                 ; Untyped                    ;
; DPA_MULTIPLY_BY               ; 0                      ; Untyped                    ;
; DPA_DIVIDE_BY                 ; 1                      ; Untyped                    ;
; DPA_DIVIDER                   ; 0                      ; Untyped                    ;
; EXTCLK3_MULTIPLY_BY           ; 1                      ; Untyped                    ;
; EXTCLK2_MULTIPLY_BY           ; 1                      ; Untyped                    ;
; EXTCLK1_MULTIPLY_BY           ; 1                      ; Untyped                    ;
; EXTCLK0_MULTIPLY_BY           ; 1                      ; Untyped                    ;
; EXTCLK3_DIVIDE_BY             ; 1                      ; Untyped                    ;
; EXTCLK2_DIVIDE_BY             ; 1                      ; Untyped                    ;
; EXTCLK1_DIVIDE_BY             ; 1                      ; Untyped                    ;
; EXTCLK0_DIVIDE_BY             ; 1                      ; Untyped                    ;
; EXTCLK3_PHASE_SHIFT           ; 0                      ; Untyped                    ;
; EXTCLK2_PHASE_SHIFT           ; 0                      ; Untyped                    ;
; EXTCLK1_PHASE_SHIFT           ; 0                      ; Untyped                    ;
; EXTCLK0_PHASE_SHIFT           ; 0                      ; Untyped                    ;
; EXTCLK3_TIME_DELAY            ; 0                      ; Untyped                    ;
; EXTCLK2_TIME_DELAY            ; 0                      ; Untyped                    ;
; EXTCLK1_TIME_DELAY            ; 0                      ; Untyped                    ;
; EXTCLK0_TIME_DELAY            ; 0                      ; Untyped                    ;
; EXTCLK3_DUTY_CYCLE            ; 50                     ; Untyped                    ;
; EXTCLK2_DUTY_CYCLE            ; 50                     ; Untyped                    ;
; EXTCLK1_DUTY_CYCLE            ; 50                     ; Untyped                    ;
; EXTCLK0_DUTY_CYCLE            ; 50                     ; Untyped                    ;
; VCO_MULTIPLY_BY               ; 0                      ; Untyped                    ;
; VCO_DIVIDE_BY                 ; 0                      ; Untyped                    ;
; SCLKOUT0_PHASE_SHIFT          ; 0                      ; Untyped                    ;
; SCLKOUT1_PHASE_SHIFT          ; 0                      ; Untyped                    ;
; VCO_MIN                       ; 0                      ; Untyped                    ;
; VCO_MAX                       ; 0                      ; Untyped                    ;
; VCO_CENTER                    ; 0                      ; Untyped                    ;
; PFD_MIN                       ; 0                      ; Untyped                    ;
; PFD_MAX                       ; 0                      ; Untyped                    ;
; M_INITIAL                     ; 0                      ; Untyped                    ;
; M                             ; 0                      ; Untyped                    ;
; N                             ; 1                      ; Untyped                    ;
; M2                            ; 1                      ; Untyped                    ;
; N2                            ; 1                      ; Untyped                    ;
; SS                            ; 1                      ; Untyped                    ;
; C0_HIGH                       ; 0                      ; Untyped                    ;
; C1_HIGH                       ; 0                      ; Untyped                    ;
; C2_HIGH                       ; 0                      ; Untyped                    ;
; C3_HIGH                       ; 0                      ; Untyped                    ;
; C4_HIGH                       ; 0                      ; Untyped                    ;
; C5_HIGH                       ; 0                      ; Untyped                    ;
; C6_HIGH                       ; 0                      ; Untyped                    ;
; C7_HIGH                       ; 0                      ; Untyped                    ;
; C8_HIGH                       ; 0                      ; Untyped                    ;
; C9_HIGH                       ; 0                      ; Untyped                    ;
; C0_LOW                        ; 0                      ; Untyped                    ;
; C1_LOW                        ; 0                      ; Untyped                    ;
; C2_LOW                        ; 0                      ; Untyped                    ;
; C3_LOW                        ; 0                      ; Untyped                    ;
; C4_LOW                        ; 0                      ; Untyped                    ;
; C5_LOW                        ; 0                      ; Untyped                    ;
; C6_LOW                        ; 0                      ; Untyped                    ;
; C7_LOW                        ; 0                      ; Untyped                    ;
; C8_LOW                        ; 0                      ; Untyped                    ;
; C9_LOW                        ; 0                      ; Untyped                    ;
; C0_INITIAL                    ; 0                      ; Untyped                    ;
; C1_INITIAL                    ; 0                      ; Untyped                    ;
; C2_INITIAL                    ; 0                      ; Untyped                    ;
; C3_INITIAL                    ; 0                      ; Untyped                    ;
; C4_INITIAL                    ; 0                      ; Untyped                    ;
; C5_INITIAL                    ; 0                      ; Untyped                    ;
; C6_INITIAL                    ; 0                      ; Untyped                    ;
; C7_INITIAL                    ; 0                      ; Untyped                    ;
; C8_INITIAL                    ; 0                      ; Untyped                    ;
; C9_INITIAL                    ; 0                      ; Untyped                    ;
; C0_MODE                       ; BYPASS                 ; Untyped                    ;
; C1_MODE                       ; BYPASS                 ; Untyped                    ;
; C2_MODE                       ; BYPASS                 ; Untyped                    ;
; C3_MODE                       ; BYPASS                 ; Untyped                    ;
; C4_MODE                       ; BYPASS                 ; Untyped                    ;
; C5_MODE                       ; BYPASS                 ; Untyped                    ;
; C6_MODE                       ; BYPASS                 ; Untyped                    ;
; C7_MODE                       ; BYPASS                 ; Untyped                    ;
; C8_MODE                       ; BYPASS                 ; Untyped                    ;
; C9_MODE                       ; BYPASS                 ; Untyped                    ;
; C0_PH                         ; 0                      ; Untyped                    ;
; C1_PH                         ; 0                      ; Untyped                    ;
; C2_PH                         ; 0                      ; Untyped                    ;
; C3_PH                         ; 0                      ; Untyped                    ;
; C4_PH                         ; 0                      ; Untyped                    ;
; C5_PH                         ; 0                      ; Untyped                    ;
; C6_PH                         ; 0                      ; Untyped                    ;
; C7_PH                         ; 0                      ; Untyped                    ;
; C8_PH                         ; 0                      ; Untyped                    ;
; C9_PH                         ; 0                      ; Untyped                    ;
; L0_HIGH                       ; 1                      ; Untyped                    ;
; L1_HIGH                       ; 1                      ; Untyped                    ;
; G0_HIGH                       ; 1                      ; Untyped                    ;
; G1_HIGH                       ; 1                      ; Untyped                    ;
; G2_HIGH                       ; 1                      ; Untyped                    ;
; G3_HIGH                       ; 1                      ; Untyped                    ;
; E0_HIGH                       ; 1                      ; Untyped                    ;
; E1_HIGH                       ; 1                      ; Untyped                    ;
; E2_HIGH                       ; 1                      ; Untyped                    ;
; E3_HIGH                       ; 1                      ; Untyped                    ;
; L0_LOW                        ; 1                      ; Untyped                    ;
; L1_LOW                        ; 1                      ; Untyped                    ;
; G0_LOW                        ; 1                      ; Untyped                    ;
; G1_LOW                        ; 1                      ; Untyped                    ;
; G2_LOW                        ; 1                      ; Untyped                    ;
; G3_LOW                        ; 1                      ; Untyped                    ;
; E0_LOW                        ; 1                      ; Untyped                    ;
; E1_LOW                        ; 1                      ; Untyped                    ;
; E2_LOW                        ; 1                      ; Untyped                    ;
; E3_LOW                        ; 1                      ; Untyped                    ;
; L0_INITIAL                    ; 1                      ; Untyped                    ;
; L1_INITIAL                    ; 1                      ; Untyped                    ;
; G0_INITIAL                    ; 1                      ; Untyped                    ;
; G1_INITIAL                    ; 1                      ; Untyped                    ;
; G2_INITIAL                    ; 1                      ; Untyped                    ;
; G3_INITIAL                    ; 1                      ; Untyped                    ;
; E0_INITIAL                    ; 1                      ; Untyped                    ;
; E1_INITIAL                    ; 1                      ; Untyped                    ;
; E2_INITIAL                    ; 1                      ; Untyped                    ;
; E3_INITIAL                    ; 1                      ; Untyped                    ;
; L0_MODE                       ; BYPASS                 ; Untyped                    ;
; L1_MODE                       ; BYPASS                 ; Untyped                    ;
; G0_MODE                       ; BYPASS                 ; Untyped                    ;
; G1_MODE                       ; BYPASS                 ; Untyped                    ;
; G2_MODE                       ; BYPASS                 ; Untyped                    ;
; G3_MODE                       ; BYPASS                 ; Untyped                    ;
; E0_MODE                       ; BYPASS                 ; Untyped                    ;
; E1_MODE                       ; BYPASS                 ; Untyped                    ;
; E2_MODE                       ; BYPASS                 ; Untyped                    ;
; E3_MODE                       ; BYPASS                 ; Untyped                    ;
; L0_PH                         ; 0                      ; Untyped                    ;
; L1_PH                         ; 0                      ; Untyped                    ;
; G0_PH                         ; 0                      ; Untyped                    ;
; G1_PH                         ; 0                      ; Untyped                    ;
; G2_PH                         ; 0                      ; Untyped                    ;
; G3_PH                         ; 0                      ; Untyped                    ;
; E0_PH                         ; 0                      ; Untyped                    ;
; E1_PH                         ; 0                      ; Untyped                    ;
; E2_PH                         ; 0                      ; Untyped                    ;
; E3_PH                         ; 0                      ; Untyped                    ;
; M_PH                          ; 0                      ; Untyped                    ;
; C1_USE_CASC_IN                ; OFF                    ; Untyped                    ;
; C2_USE_CASC_IN                ; OFF                    ; Untyped                    ;
; C3_USE_CASC_IN                ; OFF                    ; Untyped                    ;
; C4_USE_CASC_IN                ; OFF                    ; Untyped                    ;
; C5_USE_CASC_IN                ; OFF                    ; Untyped                    ;
; C6_USE_CASC_IN                ; OFF                    ; Untyped                    ;
; C7_USE_CASC_IN                ; OFF                    ; Untyped                    ;
; C8_USE_CASC_IN                ; OFF                    ; Untyped                    ;
; C9_USE_CASC_IN                ; OFF                    ; Untyped                    ;
; CLK0_COUNTER                  ; G0                     ; Untyped                    ;
; CLK1_COUNTER                  ; G0                     ; Untyped                    ;
; CLK2_COUNTER                  ; G0                     ; Untyped                    ;
; CLK3_COUNTER                  ; G0                     ; Untyped                    ;
; CLK4_COUNTER                  ; G0                     ; Untyped                    ;
; CLK5_COUNTER                  ; G0                     ; Untyped                    ;
; CLK6_COUNTER                  ; E0                     ; Untyped                    ;
; CLK7_COUNTER                  ; E1                     ; Untyped                    ;
; CLK8_COUNTER                  ; E2                     ; Untyped                    ;
; CLK9_COUNTER                  ; E3                     ; Untyped                    ;
; L0_TIME_DELAY                 ; 0                      ; Untyped                    ;
; L1_TIME_DELAY                 ; 0                      ; Untyped                    ;
; G0_TIME_DELAY                 ; 0                      ; Untyped                    ;
; G1_TIME_DELAY                 ; 0                      ; Untyped                    ;
; G2_TIME_DELAY                 ; 0                      ; Untyped                    ;
; G3_TIME_DELAY                 ; 0                      ; Untyped                    ;
; E0_TIME_DELAY                 ; 0                      ; Untyped                    ;
; E1_TIME_DELAY                 ; 0                      ; Untyped                    ;
; E2_TIME_DELAY                 ; 0                      ; Untyped                    ;
; E3_TIME_DELAY                 ; 0                      ; Untyped                    ;
; M_TIME_DELAY                  ; 0                      ; Untyped                    ;
; N_TIME_DELAY                  ; 0                      ; Untyped                    ;
; EXTCLK3_COUNTER               ; E3                     ; Untyped                    ;
; EXTCLK2_COUNTER               ; E2                     ; Untyped                    ;
; EXTCLK1_COUNTER               ; E1                     ; Untyped                    ;
; EXTCLK0_COUNTER               ; E0                     ; Untyped                    ;
; ENABLE0_COUNTER               ; L0                     ; Untyped                    ;
; ENABLE1_COUNTER               ; L0                     ; Untyped                    ;
; CHARGE_PUMP_CURRENT           ; 2                      ; Untyped                    ;
; LOOP_FILTER_R                 ;  1.000000              ; Untyped                    ;
; LOOP_FILTER_C                 ; 5                      ; Untyped                    ;
; CHARGE_PUMP_CURRENT_BITS      ; 9999                   ; Untyped                    ;
; LOOP_FILTER_R_BITS            ; 9999                   ; Untyped                    ;
; LOOP_FILTER_C_BITS            ; 9999                   ; Untyped                    ;
; VCO_POST_SCALE                ; 0                      ; Untyped                    ;
; CLK2_OUTPUT_FREQUENCY         ; 0                      ; Untyped                    ;
; CLK1_OUTPUT_FREQUENCY         ; 0                      ; Untyped                    ;
; CLK0_OUTPUT_FREQUENCY         ; 0                      ; Untyped                    ;
; INTENDED_DEVICE_FAMILY        ; Cyclone IV E           ; Untyped                    ;
; PORT_CLKENA0                  ; PORT_UNUSED            ; Untyped                    ;
; PORT_CLKENA1                  ; PORT_UNUSED            ; Untyped                    ;
; PORT_CLKENA2                  ; PORT_UNUSED            ; Untyped                    ;
; PORT_CLKENA3                  ; PORT_UNUSED            ; Untyped                    ;
; PORT_CLKENA4                  ; PORT_UNUSED            ; Untyped                    ;
; PORT_CLKENA5                  ; PORT_UNUSED            ; Untyped                    ;
; PORT_EXTCLKENA0               ; PORT_CONNECTIVITY      ; Untyped                    ;
; PORT_EXTCLKENA1               ; PORT_CONNECTIVITY      ; Untyped                    ;
; PORT_EXTCLKENA2               ; PORT_CONNECTIVITY      ; Untyped                    ;
; PORT_EXTCLKENA3               ; PORT_CONNECTIVITY      ; Untyped                    ;
; PORT_EXTCLK0                  ; PORT_UNUSED            ; Untyped                    ;
; PORT_EXTCLK1                  ; PORT_UNUSED            ; Untyped                    ;
; PORT_EXTCLK2                  ; PORT_UNUSED            ; Untyped                    ;
; PORT_EXTCLK3                  ; PORT_UNUSED            ; Untyped                    ;
; PORT_CLKBAD0                  ; PORT_UNUSED            ; Untyped                    ;
; PORT_CLKBAD1                  ; PORT_UNUSED            ; Untyped                    ;
; PORT_CLK0                     ; PORT_USED              ; Untyped                    ;
; PORT_CLK1                     ; PORT_UNUSED            ; Untyped                    ;
; PORT_CLK2                     ; PORT_UNUSED            ; Untyped                    ;
; PORT_CLK3                     ; PORT_UNUSED            ; Untyped                    ;
; PORT_CLK4                     ; PORT_UNUSED            ; Untyped                    ;
; PORT_CLK5                     ; PORT_UNUSED            ; Untyped                    ;
; PORT_CLK6                     ; PORT_UNUSED            ; Untyped                    ;
; PORT_CLK7                     ; PORT_UNUSED            ; Untyped                    ;
; PORT_CLK8                     ; PORT_UNUSED            ; Untyped                    ;
; PORT_CLK9                     ; PORT_UNUSED            ; Untyped                    ;
; PORT_SCANDATA                 ; PORT_UNUSED            ; Untyped                    ;
; PORT_SCANDATAOUT              ; PORT_UNUSED            ; Untyped                    ;
; PORT_SCANDONE                 ; PORT_UNUSED            ; Untyped                    ;
; PORT_SCLKOUT1                 ; PORT_CONNECTIVITY      ; Untyped                    ;
; PORT_SCLKOUT0                 ; PORT_CONNECTIVITY      ; Untyped                    ;
; PORT_ACTIVECLOCK              ; PORT_UNUSED            ; Untyped                    ;
; PORT_CLKLOSS                  ; PORT_UNUSED            ; Untyped                    ;
; PORT_INCLK1                   ; PORT_UNUSED            ; Untyped                    ;
; PORT_INCLK0                   ; PORT_USED              ; Untyped                    ;
; PORT_FBIN                     ; PORT_UNUSED            ; Untyped                    ;
; PORT_PLLENA                   ; PORT_UNUSED            ; Untyped                    ;
; PORT_CLKSWITCH                ; PORT_UNUSED            ; Untyped                    ;
; PORT_ARESET                   ; PORT_UNUSED            ; Untyped                    ;
; PORT_PFDENA                   ; PORT_UNUSED            ; Untyped                    ;
; PORT_SCANCLK                  ; PORT_UNUSED            ; Untyped                    ;
; PORT_SCANACLR                 ; PORT_UNUSED            ; Untyped                    ;
; PORT_SCANREAD                 ; PORT_UNUSED            ; Untyped                    ;
; PORT_SCANWRITE                ; PORT_UNUSED            ; Untyped                    ;
; PORT_ENABLE0                  ; PORT_CONNECTIVITY      ; Untyped                    ;
; PORT_ENABLE1                  ; PORT_CONNECTIVITY      ; Untyped                    ;
; PORT_LOCKED                   ; PORT_UNUSED            ; Untyped                    ;
; PORT_CONFIGUPDATE             ; PORT_UNUSED            ; Untyped                    ;
; PORT_FBOUT                    ; PORT_CONNECTIVITY      ; Untyped                    ;
; PORT_PHASEDONE                ; PORT_UNUSED            ; Untyped                    ;
; PORT_PHASESTEP                ; PORT_UNUSED            ; Untyped                    ;
; PORT_PHASEUPDOWN              ; PORT_UNUSED            ; Untyped                    ;
; PORT_SCANCLKENA               ; PORT_UNUSED            ; Untyped                    ;
; PORT_PHASECOUNTERSELECT       ; PORT_UNUSED            ; Untyped                    ;
; PORT_VCOOVERRANGE             ; PORT_CONNECTIVITY      ; Untyped                    ;
; PORT_VCOUNDERRANGE            ; PORT_CONNECTIVITY      ; Untyped                    ;
; M_TEST_SOURCE                 ; 5                      ; Untyped                    ;
; C0_TEST_SOURCE                ; 5                      ; Untyped                    ;
; C1_TEST_SOURCE                ; 5                      ; Untyped                    ;
; C2_TEST_SOURCE                ; 5                      ; Untyped                    ;
; C3_TEST_SOURCE                ; 5                      ; Untyped                    ;
; C4_TEST_SOURCE                ; 5                      ; Untyped                    ;
; C5_TEST_SOURCE                ; 5                      ; Untyped                    ;
; C6_TEST_SOURCE                ; 5                      ; Untyped                    ;
; C7_TEST_SOURCE                ; 5                      ; Untyped                    ;
; C8_TEST_SOURCE                ; 5                      ; Untyped                    ;
; C9_TEST_SOURCE                ; 5                      ; Untyped                    ;
; CBXI_PARAMETER                ; PLL2_altpll            ; Untyped                    ;
; VCO_FREQUENCY_CONTROL         ; AUTO                   ; Untyped                    ;
; VCO_PHASE_SHIFT_STEP          ; 0                      ; Untyped                    ;
; WIDTH_CLOCK                   ; 5                      ; Signed Integer             ;
; WIDTH_PHASECOUNTERSELECT      ; 4                      ; Untyped                    ;
; USING_FBMIMICBIDIR_PORT       ; OFF                    ; Untyped                    ;
; DEVICE_FAMILY                 ; Cyclone IV E           ; Untyped                    ;
; SCAN_CHAIN_MIF_FILE           ; UNUSED                 ; Untyped                    ;
; SIM_GATE_LOCK_DEVICE_BEHAVIOR ; OFF                    ; Untyped                    ;
; AUTO_CARRY_CHAINS             ; ON                     ; AUTO_CARRY                 ;
; IGNORE_CARRY_BUFFERS          ; OFF                    ; IGNORE_CARRY               ;
; AUTO_CASCADE_CHAINS           ; ON                     ; AUTO_CASCADE               ;
; IGNORE_CASCADE_BUFFERS        ; OFF                    ; IGNORE_CASCADE             ;
+-------------------------------+------------------------+----------------------------+
Note: In order to hide this table in the UI and the text report file, please set the "Show Parameter Settings in Synthesis Report" option in "Analysis and Synthesis Settings -> More Settings" to "Off".


+------------------------------------------------------------------+
; Parameter Settings for User Entity Instance: uart_top:u_uart_top ;
+----------------+----------+--------------------------------------+
; Parameter Name ; Value    ; Type                                 ;
+----------------+----------+--------------------------------------+
; clk_freq_hz    ; 50000000 ; Signed Integer                       ;
; baud_rate      ; 57600    ; Signed Integer                       ;
+----------------+----------+--------------------------------------+
Note: In order to hide this table in the UI and the text report file, please set the "Show Parameter Settings in Synthesis Report" option in "Analysis and Synthesis Settings -> More Settings" to "Off".


+-------------------------------------------------------------------------------------+
; Parameter Settings for User Entity Instance: uart_top:u_uart_top|uart_receiver:u_rx ;
+----------------+----------+---------------------------------------------------------+
; Parameter Name ; Value    ; Type                                                    ;
+----------------+----------+---------------------------------------------------------+
; clk_freq_hz    ; 50000000 ; Signed Integer                                          ;
; baud_rate      ; 57600    ; Signed Integer                                          ;
+----------------+----------+---------------------------------------------------------+
Note: In order to hide this table in the UI and the text report file, please set the "Show Parameter Settings in Synthesis Report" option in "Analysis and Synthesis Settings -> More Settings" to "Off".


+---------------------------------------------------------------------------------------------------------------------------+
; Parameter Settings for User Entity Instance: uart_top:u_uart_top|uart_receiver:u_rx|sampler_generator:sampler_generator_1 ;
+----------------+----------+-----------------------------------------------------------------------------------------------+
; Parameter Name ; Value    ; Type                                                                                          ;
+----------------+----------+-----------------------------------------------------------------------------------------------+
; clk_freq_hz    ; 50000000 ; Signed Integer                                                                                ;
; baud_rate      ; 57600    ; Signed Integer                                                                                ;
+----------------+----------+-----------------------------------------------------------------------------------------------+
Note: In order to hide this table in the UI and the text report file, please set the "Show Parameter Settings in Synthesis Report" option in "Analysis and Synthesis Settings -> More Settings" to "Off".


+----------------------------------------------------------------------------------------+
; Parameter Settings for User Entity Instance: uart_top:u_uart_top|uart_transmitter:u_tx ;
+----------------+----------+------------------------------------------------------------+
; Parameter Name ; Value    ; Type                                                       ;
+----------------+----------+------------------------------------------------------------+
; clk_freq_hz    ; 50000000 ; Signed Integer                                             ;
; baud_rate      ; 57600    ; Signed Integer                                             ;
+----------------+----------+------------------------------------------------------------+
Note: In order to hide this table in the UI and the text report file, please set the "Show Parameter Settings in Synthesis Report" option in "Analysis and Synthesis Settings -> More Settings" to "Off".


+-------------------------------------------------------------------------+
; Parameter Settings for User Entity Instance: keys_sws_debounce_full:ksd ;
+---------------------+--------+------------------------------------------+
; Parameter Name      ; Value  ; Type                                     ;
+---------------------+--------+------------------------------------------+
; key_debounce_cycles ; 500000 ; Signed Integer                           ;
; sw_debounce_cycles  ; 250000 ; Signed Integer                           ;
+---------------------+--------+------------------------------------------+
Note: In order to hide this table in the UI and the text report file, please set the "Show Parameter Settings in Synthesis Report" option in "Analysis and Synthesis Settings -> More Settings" to "Off".


+--------------------------------------------------------------------------------------------------+
; Parameter Settings for Inferred Entity Instance: fir_trans:fir|mult:\gen_mult:3:U|lpm_mult:Mult0 ;
+------------------------------------------------+--------------+----------------------------------+
; Parameter Name                                 ; Value        ; Type                             ;
+------------------------------------------------+--------------+----------------------------------+
; AUTO_CARRY_CHAINS                              ; ON           ; AUTO_CARRY                       ;
; IGNORE_CARRY_BUFFERS                           ; OFF          ; IGNORE_CARRY                     ;
; AUTO_CASCADE_CHAINS                            ; ON           ; AUTO_CASCADE                     ;
; IGNORE_CASCADE_BUFFERS                         ; OFF          ; IGNORE_CASCADE                   ;
; LPM_WIDTHA                                     ; 16           ; Untyped                          ;
; LPM_WIDTHB                                     ; 16           ; Untyped                          ;
; LPM_WIDTHP                                     ; 32           ; Untyped                          ;
; LPM_WIDTHR                                     ; 32           ; Untyped                          ;
; LPM_WIDTHS                                     ; 1            ; Untyped                          ;
; LPM_REPRESENTATION                             ; SIGNED       ; Untyped                          ;
; LPM_PIPELINE                                   ; 0            ; Untyped                          ;
; LATENCY                                        ; 0            ; Untyped                          ;
; INPUT_A_IS_CONSTANT                            ; NO           ; Untyped                          ;
; INPUT_B_IS_CONSTANT                            ; NO           ; Untyped                          ;
; USE_EAB                                        ; OFF          ; Untyped                          ;
; MAXIMIZE_SPEED                                 ; 5            ; Untyped                          ;
; DEVICE_FAMILY                                  ; Cyclone IV E ; Untyped                          ;
; CARRY_CHAIN                                    ; MANUAL       ; Untyped                          ;
; APEX20K_TECHNOLOGY_MAPPER                      ; LUT          ; TECH_MAPPER_APEX20K              ;
; DEDICATED_MULTIPLIER_CIRCUITRY                 ; AUTO         ; Untyped                          ;
; DEDICATED_MULTIPLIER_MIN_INPUT_WIDTH_FOR_AUTO  ; 0            ; Untyped                          ;
; DEDICATED_MULTIPLIER_MIN_OUTPUT_WIDTH_FOR_AUTO ; 0            ; Untyped                          ;
; CBXI_PARAMETER                                 ; mult_36t     ; Untyped                          ;
; INPUT_A_FIXED_VALUE                            ; Bx           ; Untyped                          ;
; INPUT_B_FIXED_VALUE                            ; Bx           ; Untyped                          ;
; USE_AHDL_IMPLEMENTATION                        ; OFF          ; Untyped                          ;
+------------------------------------------------+--------------+----------------------------------+
Note: In order to hide this table in the UI and the text report file, please set the "Show Parameter Settings in Synthesis Report" option in "Analysis and Synthesis Settings -> More Settings" to "Off".


+--------------------------------------------------------------------------------------------------+
; Parameter Settings for Inferred Entity Instance: fir_trans:fir|mult:\gen_mult:2:U|lpm_mult:Mult0 ;
+------------------------------------------------+--------------+----------------------------------+
; Parameter Name                                 ; Value        ; Type                             ;
+------------------------------------------------+--------------+----------------------------------+
; AUTO_CARRY_CHAINS                              ; ON           ; AUTO_CARRY                       ;
; IGNORE_CARRY_BUFFERS                           ; OFF          ; IGNORE_CARRY                     ;
; AUTO_CASCADE_CHAINS                            ; ON           ; AUTO_CASCADE                     ;
; IGNORE_CASCADE_BUFFERS                         ; OFF          ; IGNORE_CASCADE                   ;
; LPM_WIDTHA                                     ; 16           ; Untyped                          ;
; LPM_WIDTHB                                     ; 16           ; Untyped                          ;
; LPM_WIDTHP                                     ; 32           ; Untyped                          ;
; LPM_WIDTHR                                     ; 32           ; Untyped                          ;
; LPM_WIDTHS                                     ; 1            ; Untyped                          ;
; LPM_REPRESENTATION                             ; SIGNED       ; Untyped                          ;
; LPM_PIPELINE                                   ; 0            ; Untyped                          ;
; LATENCY                                        ; 0            ; Untyped                          ;
; INPUT_A_IS_CONSTANT                            ; NO           ; Untyped                          ;
; INPUT_B_IS_CONSTANT                            ; NO           ; Untyped                          ;
; USE_EAB                                        ; OFF          ; Untyped                          ;
; MAXIMIZE_SPEED                                 ; 5            ; Untyped                          ;
; DEVICE_FAMILY                                  ; Cyclone IV E ; Untyped                          ;
; CARRY_CHAIN                                    ; MANUAL       ; Untyped                          ;
; APEX20K_TECHNOLOGY_MAPPER                      ; LUT          ; TECH_MAPPER_APEX20K              ;
; DEDICATED_MULTIPLIER_CIRCUITRY                 ; AUTO         ; Untyped                          ;
; DEDICATED_MULTIPLIER_MIN_INPUT_WIDTH_FOR_AUTO  ; 0            ; Untyped                          ;
; DEDICATED_MULTIPLIER_MIN_OUTPUT_WIDTH_FOR_AUTO ; 0            ; Untyped                          ;
; CBXI_PARAMETER                                 ; mult_36t     ; Untyped                          ;
; INPUT_A_FIXED_VALUE                            ; Bx           ; Untyped                          ;
; INPUT_B_FIXED_VALUE                            ; Bx           ; Untyped                          ;
; USE_AHDL_IMPLEMENTATION                        ; OFF          ; Untyped                          ;
+------------------------------------------------+--------------+----------------------------------+
Note: In order to hide this table in the UI and the text report file, please set the "Show Parameter Settings in Synthesis Report" option in "Analysis and Synthesis Settings -> More Settings" to "Off".


+--------------------------------------------------------------------------------------------------+
; Parameter Settings for Inferred Entity Instance: fir_trans:fir|mult:\gen_mult:1:U|lpm_mult:Mult0 ;
+------------------------------------------------+--------------+----------------------------------+
; Parameter Name                                 ; Value        ; Type                             ;
+------------------------------------------------+--------------+----------------------------------+
; AUTO_CARRY_CHAINS                              ; ON           ; AUTO_CARRY                       ;
; IGNORE_CARRY_BUFFERS                           ; OFF          ; IGNORE_CARRY                     ;
; AUTO_CASCADE_CHAINS                            ; ON           ; AUTO_CASCADE                     ;
; IGNORE_CASCADE_BUFFERS                         ; OFF          ; IGNORE_CASCADE                   ;
; LPM_WIDTHA                                     ; 16           ; Untyped                          ;
; LPM_WIDTHB                                     ; 16           ; Untyped                          ;
; LPM_WIDTHP                                     ; 32           ; Untyped                          ;
; LPM_WIDTHR                                     ; 32           ; Untyped                          ;
; LPM_WIDTHS                                     ; 1            ; Untyped                          ;
; LPM_REPRESENTATION                             ; SIGNED       ; Untyped                          ;
; LPM_PIPELINE                                   ; 0            ; Untyped                          ;
; LATENCY                                        ; 0            ; Untyped                          ;
; INPUT_A_IS_CONSTANT                            ; NO           ; Untyped                          ;
; INPUT_B_IS_CONSTANT                            ; NO           ; Untyped                          ;
; USE_EAB                                        ; OFF          ; Untyped                          ;
; MAXIMIZE_SPEED                                 ; 5            ; Untyped                          ;
; DEVICE_FAMILY                                  ; Cyclone IV E ; Untyped                          ;
; CARRY_CHAIN                                    ; MANUAL       ; Untyped                          ;
; APEX20K_TECHNOLOGY_MAPPER                      ; LUT          ; TECH_MAPPER_APEX20K              ;
; DEDICATED_MULTIPLIER_CIRCUITRY                 ; AUTO         ; Untyped                          ;
; DEDICATED_MULTIPLIER_MIN_INPUT_WIDTH_FOR_AUTO  ; 0            ; Untyped                          ;
; DEDICATED_MULTIPLIER_MIN_OUTPUT_WIDTH_FOR_AUTO ; 0            ; Untyped                          ;
; CBXI_PARAMETER                                 ; mult_36t     ; Untyped                          ;
; INPUT_A_FIXED_VALUE                            ; Bx           ; Untyped                          ;
; INPUT_B_FIXED_VALUE                            ; Bx           ; Untyped                          ;
; USE_AHDL_IMPLEMENTATION                        ; OFF          ; Untyped                          ;
+------------------------------------------------+--------------+----------------------------------+
Note: In order to hide this table in the UI and the text report file, please set the "Show Parameter Settings in Synthesis Report" option in "Analysis and Synthesis Settings -> More Settings" to "Off".


+--------------------------------------------------------------------------------------------------+
; Parameter Settings for Inferred Entity Instance: fir_trans:fir|mult:\gen_mult:0:U|lpm_mult:Mult0 ;
+------------------------------------------------+--------------+----------------------------------+
; Parameter Name                                 ; Value        ; Type                             ;
+------------------------------------------------+--------------+----------------------------------+
; AUTO_CARRY_CHAINS                              ; ON           ; AUTO_CARRY                       ;
; IGNORE_CARRY_BUFFERS                           ; OFF          ; IGNORE_CARRY                     ;
; AUTO_CASCADE_CHAINS                            ; ON           ; AUTO_CASCADE                     ;
; IGNORE_CASCADE_BUFFERS                         ; OFF          ; IGNORE_CASCADE                   ;
; LPM_WIDTHA                                     ; 16           ; Untyped                          ;
; LPM_WIDTHB                                     ; 16           ; Untyped                          ;
; LPM_WIDTHP                                     ; 32           ; Untyped                          ;
; LPM_WIDTHR                                     ; 32           ; Untyped                          ;
; LPM_WIDTHS                                     ; 1            ; Untyped                          ;
; LPM_REPRESENTATION                             ; SIGNED       ; Untyped                          ;
; LPM_PIPELINE                                   ; 0            ; Untyped                          ;
; LATENCY                                        ; 0            ; Untyped                          ;
; INPUT_A_IS_CONSTANT                            ; NO           ; Untyped                          ;
; INPUT_B_IS_CONSTANT                            ; NO           ; Untyped                          ;
; USE_EAB                                        ; OFF          ; Untyped                          ;
; MAXIMIZE_SPEED                                 ; 5            ; Untyped                          ;
; DEVICE_FAMILY                                  ; Cyclone IV E ; Untyped                          ;
; CARRY_CHAIN                                    ; MANUAL       ; Untyped                          ;
; APEX20K_TECHNOLOGY_MAPPER                      ; LUT          ; TECH_MAPPER_APEX20K              ;
; DEDICATED_MULTIPLIER_CIRCUITRY                 ; AUTO         ; Untyped                          ;
; DEDICATED_MULTIPLIER_MIN_INPUT_WIDTH_FOR_AUTO  ; 0            ; Untyped                          ;
; DEDICATED_MULTIPLIER_MIN_OUTPUT_WIDTH_FOR_AUTO ; 0            ; Untyped                          ;
; CBXI_PARAMETER                                 ; mult_36t     ; Untyped                          ;
; INPUT_A_FIXED_VALUE                            ; Bx           ; Untyped                          ;
; INPUT_B_FIXED_VALUE                            ; Bx           ; Untyped                          ;
; USE_AHDL_IMPLEMENTATION                        ; OFF          ; Untyped                          ;
+------------------------------------------------+--------------+----------------------------------+
Note: In order to hide this table in the UI and the text report file, please set the "Show Parameter Settings in Synthesis Report" option in "Analysis and Synthesis Settings -> More Settings" to "Off".


+------------------------------------------------------------------------+
; altpll Parameter Settings by Entity Instance                           ;
+-------------------------------+----------------------------------------+
; Name                          ; Value                                  ;
+-------------------------------+----------------------------------------+
; Number of entity instances    ; 2                                      ;
; Entity Instance               ; PLL1:PLL1_inst|altpll:altpll_component ;
;     -- OPERATION_MODE         ; NORMAL                                 ;
;     -- PLL_TYPE               ; AUTO                                   ;
;     -- PRIMARY_CLOCK          ; INCLK0                                 ;
;     -- INCLK0_INPUT_FREQUENCY ; 20000                                  ;
;     -- INCLK1_INPUT_FREQUENCY ; 0                                      ;
;     -- VCO_MULTIPLY_BY        ; 0                                      ;
;     -- VCO_DIVIDE_BY          ; 0                                      ;
; Entity Instance               ; PLL2:PLL2_inst|altpll:altpll_component ;
;     -- OPERATION_MODE         ; NO_COMPENSATION                        ;
;     -- PLL_TYPE               ; AUTO                                   ;
;     -- PRIMARY_CLOCK          ; INCLK0                                 ;
;     -- INCLK0_INPUT_FREQUENCY ; 20000                                  ;
;     -- INCLK1_INPUT_FREQUENCY ; 0                                      ;
;     -- VCO_MULTIPLY_BY        ; 0                                      ;
;     -- VCO_DIVIDE_BY          ; 0                                      ;
+-------------------------------+----------------------------------------+


+-----------------------------------------------------------------------------------------+
; lpm_mult Parameter Settings by Entity Instance                                          ;
+---------------------------------------+-------------------------------------------------+
; Name                                  ; Value                                           ;
+---------------------------------------+-------------------------------------------------+
; Number of entity instances            ; 4                                               ;
; Entity Instance                       ; fir_trans:fir|mult:\gen_mult:3:U|lpm_mult:Mult0 ;
;     -- LPM_WIDTHA                     ; 16                                              ;
;     -- LPM_WIDTHB                     ; 16                                              ;
;     -- LPM_WIDTHP                     ; 32                                              ;
;     -- LPM_REPRESENTATION             ; SIGNED                                          ;
;     -- INPUT_A_IS_CONSTANT            ; NO                                              ;
;     -- INPUT_B_IS_CONSTANT            ; NO                                              ;
;     -- USE_EAB                        ; OFF                                             ;
;     -- DEDICATED_MULTIPLIER_CIRCUITRY ; AUTO                                            ;
;     -- INPUT_A_FIXED_VALUE            ; Bx                                              ;
;     -- INPUT_B_FIXED_VALUE            ; Bx                                              ;
; Entity Instance                       ; fir_trans:fir|mult:\gen_mult:2:U|lpm_mult:Mult0 ;
;     -- LPM_WIDTHA                     ; 16                                              ;
;     -- LPM_WIDTHB                     ; 16                                              ;
;     -- LPM_WIDTHP                     ; 32                                              ;
;     -- LPM_REPRESENTATION             ; SIGNED                                          ;
;     -- INPUT_A_IS_CONSTANT            ; NO                                              ;
;     -- INPUT_B_IS_CONSTANT            ; NO                                              ;
;     -- USE_EAB                        ; OFF                                             ;
;     -- DEDICATED_MULTIPLIER_CIRCUITRY ; AUTO                                            ;
;     -- INPUT_A_FIXED_VALUE            ; Bx                                              ;
;     -- INPUT_B_FIXED_VALUE            ; Bx                                              ;
; Entity Instance                       ; fir_trans:fir|mult:\gen_mult:1:U|lpm_mult:Mult0 ;
;     -- LPM_WIDTHA                     ; 16                                              ;
;     -- LPM_WIDTHB                     ; 16                                              ;
;     -- LPM_WIDTHP                     ; 32                                              ;
;     -- LPM_REPRESENTATION             ; SIGNED                                          ;
;     -- INPUT_A_IS_CONSTANT            ; NO                                              ;
;     -- INPUT_B_IS_CONSTANT            ; NO                                              ;
;     -- USE_EAB                        ; OFF                                             ;
;     -- DEDICATED_MULTIPLIER_CIRCUITRY ; AUTO                                            ;
;     -- INPUT_A_FIXED_VALUE            ; Bx                                              ;
;     -- INPUT_B_FIXED_VALUE            ; Bx                                              ;
; Entity Instance                       ; fir_trans:fir|mult:\gen_mult:0:U|lpm_mult:Mult0 ;
;     -- LPM_WIDTHA                     ; 16                                              ;
;     -- LPM_WIDTHB                     ; 16                                              ;
;     -- LPM_WIDTHP                     ; 32                                              ;
;     -- LPM_REPRESENTATION             ; SIGNED                                          ;
;     -- INPUT_A_IS_CONSTANT            ; NO                                              ;
;     -- INPUT_B_IS_CONSTANT            ; NO                                              ;
;     -- USE_EAB                        ; OFF                                             ;
;     -- DEDICATED_MULTIPLIER_CIRCUITRY ; AUTO                                            ;
;     -- INPUT_A_FIXED_VALUE            ; Bx                                              ;
;     -- INPUT_B_FIXED_VALUE            ; Bx                                              ;
+---------------------------------------+-------------------------------------------------+


+-------------------------------------------------------------------------------------------------------------------+
; Port Connectivity Checks: "keys_sws_debounce_full:ksd"                                                            ;
+---------+--------+----------+-------------------------------------------------------------------------------------+
; Port    ; Type   ; Severity ; Details                                                                             ;
+---------+--------+----------+-------------------------------------------------------------------------------------+
; key_out ; Output ; Info     ; Connected to dangling logic. Logic that only feeds a dangling port will be removed. ;
; sw_out  ; Output ; Info     ; Connected to dangling logic. Logic that only feeds a dangling port will be removed. ;
+---------+--------+----------+-------------------------------------------------------------------------------------+


+----------------------------------------------------------------------------------------------------------------+
; Port Connectivity Checks: "uart_top:u_uart_top|uart_transmitter:u_tx"                                          ;
+------+--------+----------+-------------------------------------------------------------------------------------+
; Port ; Type   ; Severity ; Details                                                                             ;
+------+--------+----------+-------------------------------------------------------------------------------------+
; busy ; Output ; Info     ; Connected to dangling logic. Logic that only feeds a dangling port will be removed. ;
+------+--------+----------+-------------------------------------------------------------------------------------+


+----------------------------------------------------------------------------------------------------------------------+
; Port Connectivity Checks: "uart_top:u_uart_top|uart_receiver:u_rx"                                                   ;
+------------+--------+----------+-------------------------------------------------------------------------------------+
; Port       ; Type   ; Severity ; Details                                                                             ;
+------------+--------+----------+-------------------------------------------------------------------------------------+
; uart_cts_n ; Input  ; Info     ; Stuck at VCC                                                                        ;
; busy       ; Output ; Info     ; Connected to dangling logic. Logic that only feeds a dangling port will be removed. ;
+------------+--------+----------+-------------------------------------------------------------------------------------+


+----------------------------------------------------------------------------------------------------------------------------+
; Port Connectivity Checks: "uart_top:u_uart_top"                                                                            ;
+------------------+--------+----------+-------------------------------------------------------------------------------------+
; Port             ; Type   ; Severity ; Details                                                                             ;
+------------------+--------+----------+-------------------------------------------------------------------------------------+
; rx_framing_error ; Output ; Info     ; Connected to dangling logic. Logic that only feeds a dangling port will be removed. ;
+------------------+--------+----------+-------------------------------------------------------------------------------------+


+----------------------------------------------------------------------------------------------------------------------------+
; Port Connectivity Checks: "audio_codec_controller:AUDIO_CODEC_INST|I2C_Controller:i2cController"                           ;
+------------------+--------+----------+-------------------------------------------------------------------------------------+
; Port             ; Type   ; Severity ; Details                                                                             ;
+------------------+--------+----------+-------------------------------------------------------------------------------------+
; i2c_data[21..20] ; Input  ; Info     ; Stuck at VCC                                                                        ;
; i2c_data[23..22] ; Input  ; Info     ; Stuck at GND                                                                        ;
; i2c_data[17..16] ; Input  ; Info     ; Stuck at GND                                                                        ;
; i2c_data[19]     ; Input  ; Info     ; Stuck at GND                                                                        ;
; i2c_data[18]     ; Input  ; Info     ; Stuck at VCC                                                                        ;
; i2c_data[14]     ; Input  ; Info     ; Stuck at GND                                                                        ;
; w_r              ; Input  ; Info     ; Stuck at GND                                                                        ;
; sd_counter       ; Output ; Info     ; Connected to dangling logic. Logic that only feeds a dangling port will be removed. ;
; sdo              ; Output ; Info     ; Connected to dangling logic. Logic that only feeds a dangling port will be removed. ;
+------------------+--------+----------+-------------------------------------------------------------------------------------+


+---------------------------------------------------------------------------------------------------------------------------+
; Port Connectivity Checks: "audio_codec_controller:AUDIO_CODEC_INST"                                                       ;
+-----------------+--------+----------+-------------------------------------------------------------------------------------+
; Port            ; Type   ; Severity ; Details                                                                             ;
+-----------------+--------+----------+-------------------------------------------------------------------------------------+
; daclrselect_ack ; Output ; Info     ; Connected to dangling logic. Logic that only feeds a dangling port will be removed. ;
+-----------------+--------+----------+-------------------------------------------------------------------------------------+


+----------------------------------------------------+
; Port Connectivity Checks: "DISPLAY7SEG:INST_DISP7" ;
+------+-------+----------+--------------------------+
; Port ; Type  ; Severity ; Details                  ;
+------+-------+----------+--------------------------+
; idig ; Input ; Info     ; Stuck at GND             ;
+------+-------+----------+--------------------------+


+----------------------------------------------------+
; Port Connectivity Checks: "DISPLAY7SEG:INST_DISP6" ;
+------+-------+----------+--------------------------+
; Port ; Type  ; Severity ; Details                  ;
+------+-------+----------+--------------------------+
; idig ; Input ; Info     ; Stuck at GND             ;
+------+-------+----------+--------------------------+


+----------------------------------------------------+
; Port Connectivity Checks: "DISPLAY7SEG:INST_DISP5" ;
+------+-------+----------+--------------------------+
; Port ; Type  ; Severity ; Details                  ;
+------+-------+----------+--------------------------+
; idig ; Input ; Info     ; Stuck at GND             ;
+------+-------+----------+--------------------------+


+----------------------------------------------------+
; Port Connectivity Checks: "DISPLAY7SEG:INST_DISP4" ;
+------+-------+----------+--------------------------+
; Port ; Type  ; Severity ; Details                  ;
+------+-------+----------+--------------------------+
; idig ; Input ; Info     ; Stuck at GND             ;
+------+-------+----------+--------------------------+


+----------------------------------------------------+
; Port Connectivity Checks: "DISPLAY7SEG:INST_DISP3" ;
+------+-------+----------+--------------------------+
; Port ; Type  ; Severity ; Details                  ;
+------+-------+----------+--------------------------+
; idig ; Input ; Info     ; Stuck at GND             ;
+------+-------+----------+--------------------------+


+----------------------------------------------------+
; Port Connectivity Checks: "DISPLAY7SEG:INST_DISP2" ;
+------+-------+----------+--------------------------+
; Port ; Type  ; Severity ; Details                  ;
+------+-------+----------+--------------------------+
; idig ; Input ; Info     ; Stuck at GND             ;
+------+-------+----------+--------------------------+


+-----------------------------------------------------+
; Post-Synthesis Netlist Statistics for Top Partition ;
+-----------------------+-----------------------------+
; Type                  ; Count                       ;
+-----------------------+-----------------------------+
; boundary_port         ; 407                         ;
; cycloneiii_ff         ; 582                         ;
;     CLR               ; 152                         ;
;     CLR SCLR          ; 39                          ;
;     ENA               ; 136                         ;
;     ENA CLR           ; 78                          ;
;     ENA CLR SCLR      ; 40                          ;
;     ENA SCLR          ; 97                          ;
;     SCLR              ; 13                          ;
;     plain             ; 27                          ;
; cycloneiii_io_obuf    ; 105                         ;
; cycloneiii_lcell_comb ; 675                         ;
;     arith             ; 211                         ;
;         2 data inputs ; 120                         ;
;         3 data inputs ; 91                          ;
;     normal            ; 464                         ;
;         0 data inputs ; 2                           ;
;         1 data inputs ; 14                          ;
;         2 data inputs ; 73                          ;
;         3 data inputs ; 185                         ;
;         4 data inputs ; 190                         ;
; cycloneiii_mac_mult   ; 4                           ;
; cycloneiii_mac_out    ; 4                           ;
; cycloneiii_pll        ; 2                           ;
;                       ;                             ;
; Max LUT depth         ; 7.00                        ;
; Average LUT depth     ; 2.23                        ;
+-----------------------+-----------------------------+


+-------------------------------+
; Elapsed Time Per Partition    ;
+----------------+--------------+
; Partition Name ; Elapsed Time ;
+----------------+--------------+
; Top            ; 00:00:01     ;
+----------------+--------------+


+-------------------------------+
; Analysis & Synthesis Messages ;
+-------------------------------+
Info: *******************************************************************
Info: Running Quartus Prime Analysis & Synthesis
    Info: Version 20.1.1 Build 720 11/11/2020 SJ Lite Edition
    Info: Processing started: Wed Aug 19 14:18:27 2026
Info: Command: quartus_map --read_settings_files=on --write_settings_files=off DE2_115 -c DE2_115
Info (20030): Parallel compilation is enabled and will use 4 of the 4 processors detected
Info (12021): Found 2 design units, including 1 entities, in source file tulio_srcs/uart/word_rx.vhd
    Info (12022): Found design unit 1: word_rx-rtl File: /home/tulio/Documents/Codes/DE2_exemplos/DE2_115 (fir_uart_ctsrts)/tulio_srcs/uart/word_rx.vhd Line: 16
    Info (12023): Found entity 1: word_rx File: /home/tulio/Documents/Codes/DE2_exemplos/DE2_115 (fir_uart_ctsrts)/tulio_srcs/uart/word_rx.vhd Line: 4
Info (12021): Found 2 design units, including 1 entities, in source file tulio_srcs/uart/uart_transmitter.vhd
    Info (12022): Found design unit 1: uart_transmitter-rtl File: /home/tulio/Documents/Codes/DE2_exemplos/DE2_115 (fir_uart_ctsrts)/tulio_srcs/uart/uart_transmitter.vhd Line: 34
    Info (12023): Found entity 1: uart_transmitter File: /home/tulio/Documents/Codes/DE2_exemplos/DE2_115 (fir_uart_ctsrts)/tulio_srcs/uart/uart_transmitter.vhd Line: 22
Info (12021): Found 2 design units, including 1 entities, in source file tulio_srcs/uart/uart_top.vhd
    Info (12022): Found design unit 1: uart_top-rtl File: /home/tulio/Documents/Codes/DE2_exemplos/DE2_115 (fir_uart_ctsrts)/tulio_srcs/uart/uart_top.vhd Line: 34
    Info (12023): Found entity 1: uart_top File: /home/tulio/Documents/Codes/DE2_exemplos/DE2_115 (fir_uart_ctsrts)/tulio_srcs/uart/uart_top.vhd Line: 19
Info (12021): Found 2 design units, including 1 entities, in source file tulio_srcs/uart/uart_receiver.vhd
    Info (12022): Found design unit 1: uart_receiver-str File: /home/tulio/Documents/Codes/DE2_exemplos/DE2_115 (fir_uart_ctsrts)/tulio_srcs/uart/uart_receiver.vhd Line: 32
    Info (12023): Found entity 1: uart_receiver File: /home/tulio/Documents/Codes/DE2_exemplos/DE2_115 (fir_uart_ctsrts)/tulio_srcs/uart/uart_receiver.vhd Line: 18
Info (12021): Found 2 design units, including 1 entities, in source file tulio_srcs/uart/uart_loopback_top.vhd
    Info (12022): Found design unit 1: uart_loopback_top-rtl File: /home/tulio/Documents/Codes/DE2_exemplos/DE2_115 (fir_uart_ctsrts)/tulio_srcs/uart/uart_loopback_top.vhd Line: 46
    Info (12023): Found entity 1: uart_loopback_top File: /home/tulio/Documents/Codes/DE2_exemplos/DE2_115 (fir_uart_ctsrts)/tulio_srcs/uart/uart_loopback_top.vhd Line: 31
Info (12021): Found 2 design units, including 1 entities, in source file tulio_srcs/uart/sampler_generator.vhd
    Info (12022): Found design unit 1: sampler_generator-rtl File: /home/tulio/Documents/Codes/DE2_exemplos/DE2_115 (fir_uart_ctsrts)/tulio_srcs/uart/sampler_generator.vhd Line: 36
    Info (12023): Found entity 1: sampler_generator File: /home/tulio/Documents/Codes/DE2_exemplos/DE2_115 (fir_uart_ctsrts)/tulio_srcs/uart/sampler_generator.vhd Line: 28
Info (12021): Found 2 design units, including 1 entities, in source file tulio_srcs/others/keys_sws_debounce_full.vhd
    Info (12022): Found design unit 1: keys_sws_debounce_full-rtl File: /home/tulio/Documents/Codes/DE2_exemplos/DE2_115 (fir_uart_ctsrts)/tulio_srcs/others/keys_sws_debounce_full.vhd Line: 34
    Info (12023): Found entity 1: keys_sws_debounce_full File: /home/tulio/Documents/Codes/DE2_exemplos/DE2_115 (fir_uart_ctsrts)/tulio_srcs/others/keys_sws_debounce_full.vhd Line: 19
Info (12021): Found 2 design units, including 1 entities, in source file tulio_srcs/others/reg.vhd
    Info (12022): Found design unit 1: reg-rtl File: /home/tulio/Documents/Codes/DE2_exemplos/DE2_115 (fir_uart_ctsrts)/tulio_srcs/others/reg.vhd Line: 18
    Info (12023): Found entity 1: reg File: /home/tulio/Documents/Codes/DE2_exemplos/DE2_115 (fir_uart_ctsrts)/tulio_srcs/others/reg.vhd Line: 8
Info (12021): Found 2 design units, including 1 entities, in source file tulio_srcs/fir_trans/mult.vhd
    Info (12022): Found design unit 1: mult-rtl File: /home/tulio/Documents/Codes/DE2_exemplos/DE2_115 (fir_uart_ctsrts)/tulio_srcs/fir_trans/mult.vhd Line: 14
    Info (12023): Found entity 1: mult File: /home/tulio/Documents/Codes/DE2_exemplos/DE2_115 (fir_uart_ctsrts)/tulio_srcs/fir_trans/mult.vhd Line: 8
Info (12021): Found 2 design units, including 1 entities, in source file tulio_srcs/fir_trans/fir_trans.vhd
    Info (12022): Found design unit 1: fir_trans-rtl File: /home/tulio/Documents/Codes/DE2_exemplos/DE2_115 (fir_uart_ctsrts)/tulio_srcs/fir_trans/fir_trans.vhd Line: 22
    Info (12023): Found entity 1: fir_trans File: /home/tulio/Documents/Codes/DE2_exemplos/DE2_115 (fir_uart_ctsrts)/tulio_srcs/fir_trans/fir_trans.vhd Line: 8
Info (12021): Found 1 design units, including 0 entities, in source file tulio_srcs/fir_trans/coefs_pkg.vhd
    Info (12022): Found design unit 1: coefs_pkg File: /home/tulio/Documents/Codes/DE2_exemplos/DE2_115 (fir_uart_ctsrts)/tulio_srcs/fir_trans/coefs_pkg.vhd Line: 14
Info (12021): Found 2 design units, including 1 entities, in source file audio_codec_controller.vhd
    Info (12022): Found design unit 1: audio_codec_controller-funcionamento File: /home/tulio/Documents/Codes/DE2_exemplos/DE2_115 (fir_uart_ctsrts)/audio_codec_controller.vhd Line: 40
    Info (12023): Found entity 1: audio_codec_controller File: /home/tulio/Documents/Codes/DE2_exemplos/DE2_115 (fir_uart_ctsrts)/audio_codec_controller.vhd Line: 17
Info (12021): Found 2 design units, including 1 entities, in source file DE2_115.vhd
    Info (12022): Found design unit 1: DE2_115-FUNCIONAMENTO File: /home/tulio/Documents/Codes/DE2_exemplos/DE2_115 (fir_uart_ctsrts)/DE2_115.vhd Line: 182
    Info (12023): Found entity 1: DE2_115 File: /home/tulio/Documents/Codes/DE2_exemplos/DE2_115 (fir_uart_ctsrts)/DE2_115.vhd Line: 10
Info (12021): Found 2 design units, including 1 entities, in source file DISPLAY7SEG.vhd
    Info (12022): Found design unit 1: DISPLAY7SEG-FUNCIONAMENTO File: /home/tulio/Documents/Codes/DE2_exemplos/DE2_115 (fir_uart_ctsrts)/DISPLAY7SEG.vhd Line: 15
    Info (12023): Found entity 1: DISPLAY7SEG File: /home/tulio/Documents/Codes/DE2_exemplos/DE2_115 (fir_uart_ctsrts)/DISPLAY7SEG.vhd Line: 8
Info (12021): Found 2 design units, including 1 entities, in source file LCD_CONTROLADOR.vhd
    Info (12022): Found design unit 1: LCD_CONTROLADOR-FUNCIONAMENTO File: /home/tulio/Documents/Codes/DE2_exemplos/DE2_115 (fir_uart_ctsrts)/LCD_CONTROLADOR.vhd Line: 26
    Info (12023): Found entity 1: LCD_CONTROLADOR File: /home/tulio/Documents/Codes/DE2_exemplos/DE2_115 (fir_uart_ctsrts)/LCD_CONTROLADOR.vhd Line: 9
Info (12021): Found 2 design units, including 1 entities, in source file TESTE_LCD.vhd
    Info (12022): Found design unit 1: TESTE_LCD-FUNCIONAMENTO File: /home/tulio/Documents/Codes/DE2_exemplos/DE2_115 (fir_uart_ctsrts)/TESTE_LCD.vhd Line: 21
    Info (12023): Found entity 1: TESTE_LCD File: /home/tulio/Documents/Codes/DE2_exemplos/DE2_115 (fir_uart_ctsrts)/TESTE_LCD.vhd Line: 10
Info (12021): Found 2 design units, including 1 entities, in source file RESET_DELAY.vhd
    Info (12022): Found design unit 1: RESET_DELAY-FUNCIONAMENTO File: /home/tulio/Documents/Codes/DE2_exemplos/DE2_115 (fir_uart_ctsrts)/RESET_DELAY.vhd Line: 14
    Info (12023): Found entity 1: RESET_DELAY File: /home/tulio/Documents/Codes/DE2_exemplos/DE2_115 (fir_uart_ctsrts)/RESET_DELAY.vhd Line: 6
Info (12021): Found 2 design units, including 1 entities, in source file I2C_Controller.vhd
    Info (12022): Found design unit 1: I2C_Controller-FUNCIONAMENTO File: /home/tulio/Documents/Codes/DE2_exemplos/DE2_115 (fir_uart_ctsrts)/I2C_Controller.vhd Line: 28
    Info (12023): Found entity 1: I2C_Controller File: /home/tulio/Documents/Codes/DE2_exemplos/DE2_115 (fir_uart_ctsrts)/I2C_Controller.vhd Line: 9
Info (12021): Found 2 design units, including 1 entities, in source file PLL1.vhd
    Info (12022): Found design unit 1: pll1-SYN File: /home/tulio/Documents/Codes/DE2_exemplos/DE2_115 (fir_uart_ctsrts)/PLL1.vhd Line: 51
    Info (12023): Found entity 1: PLL1 File: /home/tulio/Documents/Codes/DE2_exemplos/DE2_115 (fir_uart_ctsrts)/PLL1.vhd Line: 42
Info (12021): Found 2 design units, including 1 entities, in source file PLL2.vhd
    Info (12022): Found design unit 1: pll2-SYN File: /home/tulio/Documents/Codes/DE2_exemplos/DE2_115 (fir_uart_ctsrts)/PLL2.vhd Line: 51
    Info (12023): Found entity 1: PLL2 File: /home/tulio/Documents/Codes/DE2_exemplos/DE2_115 (fir_uart_ctsrts)/PLL2.vhd Line: 42
Info (12127): Elaborating entity "DE2_115" for the top level hierarchy
Warning (10541): VHDL Signal Declaration warning at DE2_115.vhd(19): used implicit default value for signal "SMA_CLKOUT" because signal was never assigned a value or an explicit default value. Use of implicit default value may introduce unintended design optimizations. File: /home/tulio/Documents/Codes/DE2_exemplos/DE2_115 (fir_uart_ctsrts)/DE2_115.vhd Line: 19
Warning (10541): VHDL Signal Declaration warning at DE2_115.vhd(21): used implicit default value for signal "LEDG" because signal was never assigned a value or an explicit default value. Use of implicit default value may introduce unintended design optimizations. File: /home/tulio/Documents/Codes/DE2_exemplos/DE2_115 (fir_uart_ctsrts)/DE2_115.vhd Line: 21
Warning (10541): VHDL Signal Declaration warning at DE2_115.vhd(58): used implicit default value for signal "SD_CLK" because signal was never assigned a value or an explicit default value. Use of implicit default value may introduce unintended design optimizations. File: /home/tulio/Documents/Codes/DE2_exemplos/DE2_115 (fir_uart_ctsrts)/DE2_115.vhd Line: 58
Warning (10541): VHDL Signal Declaration warning at DE2_115.vhd(63): used implicit default value for signal "VGA_B" because signal was never assigned a value or an explicit default value. Use of implicit default value may introduce unintended design optimizations. File: /home/tulio/Documents/Codes/DE2_exemplos/DE2_115 (fir_uart_ctsrts)/DE2_115.vhd Line: 63
Warning (10541): VHDL Signal Declaration warning at DE2_115.vhd(64): used implicit default value for signal "VGA_BLANK_N" because signal was never assigned a value or an explicit default value. Use of implicit default value may introduce unintended design optimizations. File: /home/tulio/Documents/Codes/DE2_exemplos/DE2_115 (fir_uart_ctsrts)/DE2_115.vhd Line: 64
Warning (10541): VHDL Signal Declaration warning at DE2_115.vhd(65): used implicit default value for signal "VGA_CLK" because signal was never assigned a value or an explicit default value. Use of implicit default value may introduce unintended design optimizations. File: /home/tulio/Documents/Codes/DE2_exemplos/DE2_115 (fir_uart_ctsrts)/DE2_115.vhd Line: 65
Warning (10541): VHDL Signal Declaration warning at DE2_115.vhd(66): used implicit default value for signal "VGA_G" because signal was never assigned a value or an explicit default value. Use of implicit default value may introduce unintended design optimizations. File: /home/tulio/Documents/Codes/DE2_exemplos/DE2_115 (fir_uart_ctsrts)/DE2_115.vhd Line: 66
Warning (10541): VHDL Signal Declaration warning at DE2_115.vhd(67): used implicit default value for signal "VGA_HS" because signal was never assigned a value or an explicit default value. Use of implicit default value may introduce unintended design optimizations. File: /home/tulio/Documents/Codes/DE2_exemplos/DE2_115 (fir_uart_ctsrts)/DE2_115.vhd Line: 67
Warning (10541): VHDL Signal Declaration warning at DE2_115.vhd(68): used implicit default value for signal "VGA_R" because signal was never assigned a value or an explicit default value. Use of implicit default value may introduce unintended design optimizations. File: /home/tulio/Documents/Codes/DE2_exemplos/DE2_115 (fir_uart_ctsrts)/DE2_115.vhd Line: 68
Warning (10541): VHDL Signal Declaration warning at DE2_115.vhd(69): used implicit default value for signal "VGA_SYNC_N" because signal was never assigned a value or an explicit default value. Use of implicit default value may introduce unintended design optimizations. File: /home/tulio/Documents/Codes/DE2_exemplos/DE2_115 (fir_uart_ctsrts)/DE2_115.vhd Line: 69
Warning (10541): VHDL Signal Declaration warning at DE2_115.vhd(70): used implicit default value for signal "VGA_VS" because signal was never assigned a value or an explicit default value. Use of implicit default value may introduce unintended design optimizations. File: /home/tulio/Documents/Codes/DE2_exemplos/DE2_115 (fir_uart_ctsrts)/DE2_115.vhd Line: 70
Warning (10541): VHDL Signal Declaration warning at DE2_115.vhd(81): used implicit default value for signal "EEP_I2C_SCLK" because signal was never assigned a value or an explicit default value. Use of implicit default value may introduce unintended design optimizations. File: /home/tulio/Documents/Codes/DE2_exemplos/DE2_115 (fir_uart_ctsrts)/DE2_115.vhd Line: 81
Warning (10541): VHDL Signal Declaration warning at DE2_115.vhd(89): used implicit default value for signal "ENET0_GTX_CLK" because signal was never assigned a value or an explicit default value. Use of implicit default value may introduce unintended design optimizations. File: /home/tulio/Documents/Codes/DE2_exemplos/DE2_115 (fir_uart_ctsrts)/DE2_115.vhd Line: 89
Warning (10541): VHDL Signal Declaration warning at DE2_115.vhd(92): used implicit default value for signal "ENET0_MDC" because signal was never assigned a value or an explicit default value. Use of implicit default value may introduce unintended design optimizations. File: /home/tulio/Documents/Codes/DE2_exemplos/DE2_115 (fir_uart_ctsrts)/DE2_115.vhd Line: 92
Warning (10541): VHDL Signal Declaration warning at DE2_115.vhd(94): used implicit default value for signal "ENET0_RST_N" because signal was never assigned a value or an explicit default value. Use of implicit default value may introduce unintended design optimizations. File: /home/tulio/Documents/Codes/DE2_exemplos/DE2_115 (fir_uart_ctsrts)/DE2_115.vhd Line: 94
Warning (10541): VHDL Signal Declaration warning at DE2_115.vhd(102): used implicit default value for signal "ENET0_TX_DATA" because signal was never assigned a value or an explicit default value. Use of implicit default value may introduce unintended design optimizations. File: /home/tulio/Documents/Codes/DE2_exemplos/DE2_115 (fir_uart_ctsrts)/DE2_115.vhd Line: 102
Warning (10541): VHDL Signal Declaration warning at DE2_115.vhd(103): used implicit default value for signal "ENET0_TX_EN" because signal was never assigned a value or an explicit default value. Use of implicit default value may introduce unintended design optimizations. File: /home/tulio/Documents/Codes/DE2_exemplos/DE2_115 (fir_uart_ctsrts)/DE2_115.vhd Line: 103
Warning (10541): VHDL Signal Declaration warning at DE2_115.vhd(104): used implicit default value for signal "ENET0_TX_ER" because signal was never assigned a value or an explicit default value. Use of implicit default value may introduce unintended design optimizations. File: /home/tulio/Documents/Codes/DE2_exemplos/DE2_115 (fir_uart_ctsrts)/DE2_115.vhd Line: 104
Warning (10541): VHDL Signal Declaration warning at DE2_115.vhd(108): used implicit default value for signal "ENET1_GTX_CLK" because signal was never assigned a value or an explicit default value. Use of implicit default value may introduce unintended design optimizations. File: /home/tulio/Documents/Codes/DE2_exemplos/DE2_115 (fir_uart_ctsrts)/DE2_115.vhd Line: 108
Warning (10541): VHDL Signal Declaration warning at DE2_115.vhd(111): used implicit default value for signal "ENET1_MDC" because signal was never assigned a value or an explicit default value. Use of implicit default value may introduce unintended design optimizations. File: /home/tulio/Documents/Codes/DE2_exemplos/DE2_115 (fir_uart_ctsrts)/DE2_115.vhd Line: 111
Warning (10541): VHDL Signal Declaration warning at DE2_115.vhd(113): used implicit default value for signal "ENET1_RST_N" because signal was never assigned a value or an explicit default value. Use of implicit default value may introduce unintended design optimizations. File: /home/tulio/Documents/Codes/DE2_exemplos/DE2_115 (fir_uart_ctsrts)/DE2_115.vhd Line: 113
Warning (10541): VHDL Signal Declaration warning at DE2_115.vhd(121): used implicit default value for signal "ENET1_TX_DATA" because signal was never assigned a value or an explicit default value. Use of implicit default value may introduce unintended design optimizations. File: /home/tulio/Documents/Codes/DE2_exemplos/DE2_115 (fir_uart_ctsrts)/DE2_115.vhd Line: 121
Warning (10541): VHDL Signal Declaration warning at DE2_115.vhd(122): used implicit default value for signal "ENET1_TX_EN" because signal was never assigned a value or an explicit default value. Use of implicit default value may introduce unintended design optimizations. File: /home/tulio/Documents/Codes/DE2_exemplos/DE2_115 (fir_uart_ctsrts)/DE2_115.vhd Line: 122
Warning (10541): VHDL Signal Declaration warning at DE2_115.vhd(123): used implicit default value for signal "ENET1_TX_ER" because signal was never assigned a value or an explicit default value. Use of implicit default value may introduce unintended design optimizations. File: /home/tulio/Documents/Codes/DE2_exemplos/DE2_115 (fir_uart_ctsrts)/DE2_115.vhd Line: 123
Warning (10541): VHDL Signal Declaration warning at DE2_115.vhd(129): used implicit default value for signal "TD_RESET_N" because signal was never assigned a value or an explicit default value. Use of implicit default value may introduce unintended design optimizations. File: /home/tulio/Documents/Codes/DE2_exemplos/DE2_115 (fir_uart_ctsrts)/DE2_115.vhd Line: 129
Warning (10541): VHDL Signal Declaration warning at DE2_115.vhd(133): used implicit default value for signal "OTG_ADDR" because signal was never assigned a value or an explicit default value. Use of implicit default value may introduce unintended design optimizations. File: /home/tulio/Documents/Codes/DE2_exemplos/DE2_115 (fir_uart_ctsrts)/DE2_115.vhd Line: 133
Warning (10541): VHDL Signal Declaration warning at DE2_115.vhd(134): used implicit default value for signal "OTG_CS_N" because signal was never assigned a value or an explicit default value. Use of implicit default value may introduce unintended design optimizations. File: /home/tulio/Documents/Codes/DE2_exemplos/DE2_115 (fir_uart_ctsrts)/DE2_115.vhd Line: 134
Warning (10541): VHDL Signal Declaration warning at DE2_115.vhd(135): used implicit default value for signal "OTG_DACK_N" because signal was never assigned a value or an explicit default value. Use of implicit default value may introduce unintended design optimizations. File: /home/tulio/Documents/Codes/DE2_exemplos/DE2_115 (fir_uart_ctsrts)/DE2_115.vhd Line: 135
Warning (10541): VHDL Signal Declaration warning at DE2_115.vhd(141): used implicit default value for signal "OTG_RD_N" because signal was never assigned a value or an explicit default value. Use of implicit default value may introduce unintended design optimizations. File: /home/tulio/Documents/Codes/DE2_exemplos/DE2_115 (fir_uart_ctsrts)/DE2_115.vhd Line: 141
Warning (10541): VHDL Signal Declaration warning at DE2_115.vhd(142): used implicit default value for signal "OTG_RST_N" because signal was never assigned a value or an explicit default value. Use of implicit default value may introduce unintended design optimizations. File: /home/tulio/Documents/Codes/DE2_exemplos/DE2_115 (fir_uart_ctsrts)/DE2_115.vhd Line: 142
Warning (10541): VHDL Signal Declaration warning at DE2_115.vhd(143): used implicit default value for signal "OTG_WE_N" because signal was never assigned a value or an explicit default value. Use of implicit default value may introduce unintended design optimizations. File: /home/tulio/Documents/Codes/DE2_exemplos/DE2_115 (fir_uart_ctsrts)/DE2_115.vhd Line: 143
Warning (10541): VHDL Signal Declaration warning at DE2_115.vhd(149): used implicit default value for signal "DRAM_ADDR" because signal was never assigned a value or an explicit default value. Use of implicit default value may introduce unintended design optimizations. File: /home/tulio/Documents/Codes/DE2_exemplos/DE2_115 (fir_uart_ctsrts)/DE2_115.vhd Line: 149
Warning (10541): VHDL Signal Declaration warning at DE2_115.vhd(150): used implicit default value for signal "DRAM_BA" because signal was never assigned a value or an explicit default value. Use of implicit default value may introduce unintended design optimizations. File: /home/tulio/Documents/Codes/DE2_exemplos/DE2_115 (fir_uart_ctsrts)/DE2_115.vhd Line: 150
Warning (10541): VHDL Signal Declaration warning at DE2_115.vhd(151): used implicit default value for signal "DRAM_CAS_N" because signal was never assigned a value or an explicit default value. Use of implicit default value may introduce unintended design optimizations. File: /home/tulio/Documents/Codes/DE2_exemplos/DE2_115 (fir_uart_ctsrts)/DE2_115.vhd Line: 151
Warning (10541): VHDL Signal Declaration warning at DE2_115.vhd(152): used implicit default value for signal "DRAM_CKE" because signal was never assigned a value or an explicit default value. Use of implicit default value may introduce unintended design optimizations. File: /home/tulio/Documents/Codes/DE2_exemplos/DE2_115 (fir_uart_ctsrts)/DE2_115.vhd Line: 152
Warning (10541): VHDL Signal Declaration warning at DE2_115.vhd(153): used implicit default value for signal "DRAM_CLK" because signal was never assigned a value or an explicit default value. Use of implicit default value may introduce unintended design optimizations. File: /home/tulio/Documents/Codes/DE2_exemplos/DE2_115 (fir_uart_ctsrts)/DE2_115.vhd Line: 153
Warning (10541): VHDL Signal Declaration warning at DE2_115.vhd(154): used implicit default value for signal "DRAM_CS_N" because signal was never assigned a value or an explicit default value. Use of implicit default value may introduce unintended design optimizations. File: /home/tulio/Documents/Codes/DE2_exemplos/DE2_115 (fir_uart_ctsrts)/DE2_115.vhd Line: 154
Warning (10541): VHDL Signal Declaration warning at DE2_115.vhd(156): used implicit default value for signal "DRAM_DQM" because signal was never assigned a value or an explicit default value. Use of implicit default value may introduce unintended design optimizations. File: /home/tulio/Documents/Codes/DE2_exemplos/DE2_115 (fir_uart_ctsrts)/DE2_115.vhd Line: 156
Warning (10541): VHDL Signal Declaration warning at DE2_115.vhd(157): used implicit default value for signal "DRAM_RAS_N" because signal was never assigned a value or an explicit default value. Use of implicit default value may introduce unintended design optimizations. File: /home/tulio/Documents/Codes/DE2_exemplos/DE2_115 (fir_uart_ctsrts)/DE2_115.vhd Line: 157
Warning (10541): VHDL Signal Declaration warning at DE2_115.vhd(158): used implicit default value for signal "DRAM_WE_N" because signal was never assigned a value or an explicit default value. Use of implicit default value may introduce unintended design optimizations. File: /home/tulio/Documents/Codes/DE2_exemplos/DE2_115 (fir_uart_ctsrts)/DE2_115.vhd Line: 158
Warning (10541): VHDL Signal Declaration warning at DE2_115.vhd(161): used implicit default value for signal "SRAM_ADDR" because signal was never assigned a value or an explicit default value. Use of implicit default value may introduce unintended design optimizations. File: /home/tulio/Documents/Codes/DE2_exemplos/DE2_115 (fir_uart_ctsrts)/DE2_115.vhd Line: 161
Warning (10541): VHDL Signal Declaration warning at DE2_115.vhd(162): used implicit default value for signal "SRAM_CE_N" because signal was never assigned a value or an explicit default value. Use of implicit default value may introduce unintended design optimizations. File: /home/tulio/Documents/Codes/DE2_exemplos/DE2_115 (fir_uart_ctsrts)/DE2_115.vhd Line: 162
Warning (10541): VHDL Signal Declaration warning at DE2_115.vhd(164): used implicit default value for signal "SRAM_LB_N" because signal was never assigned a value or an explicit default value. Use of implicit default value may introduce unintended design optimizations. File: /home/tulio/Documents/Codes/DE2_exemplos/DE2_115 (fir_uart_ctsrts)/DE2_115.vhd Line: 164
Warning (10541): VHDL Signal Declaration warning at DE2_115.vhd(165): used implicit default value for signal "SRAM_OE_N" because signal was never assigned a value or an explicit default value. Use of implicit default value may introduce unintended design optimizations. File: /home/tulio/Documents/Codes/DE2_exemplos/DE2_115 (fir_uart_ctsrts)/DE2_115.vhd Line: 165
Warning (10541): VHDL Signal Declaration warning at DE2_115.vhd(166): used implicit default value for signal "SRAM_UB_N" because signal was never assigned a value or an explicit default value. Use of implicit default value may introduce unintended design optimizations. File: /home/tulio/Documents/Codes/DE2_exemplos/DE2_115 (fir_uart_ctsrts)/DE2_115.vhd Line: 166
Warning (10541): VHDL Signal Declaration warning at DE2_115.vhd(167): used implicit default value for signal "SRAM_WE_N" because signal was never assigned a value or an explicit default value. Use of implicit default value may introduce unintended design optimizations. File: /home/tulio/Documents/Codes/DE2_exemplos/DE2_115 (fir_uart_ctsrts)/DE2_115.vhd Line: 167
Warning (10541): VHDL Signal Declaration warning at DE2_115.vhd(170): used implicit default value for signal "FL_ADDR" because signal was never assigned a value or an explicit default value. Use of implicit default value may introduce unintended design optimizations. File: /home/tulio/Documents/Codes/DE2_exemplos/DE2_115 (fir_uart_ctsrts)/DE2_115.vhd Line: 170
Warning (10541): VHDL Signal Declaration warning at DE2_115.vhd(171): used implicit default value for signal "FL_CE_N" because signal was never assigned a value or an explicit default value. Use of implicit default value may introduce unintended design optimizations. File: /home/tulio/Documents/Codes/DE2_exemplos/DE2_115 (fir_uart_ctsrts)/DE2_115.vhd Line: 171
Warning (10541): VHDL Signal Declaration warning at DE2_115.vhd(173): used implicit default value for signal "FL_OE_N" because signal was never assigned a value or an explicit default value. Use of implicit default value may introduce unintended design optimizations. File: /home/tulio/Documents/Codes/DE2_exemplos/DE2_115 (fir_uart_ctsrts)/DE2_115.vhd Line: 173
Warning (10541): VHDL Signal Declaration warning at DE2_115.vhd(174): used implicit default value for signal "FL_RST_N" because signal was never assigned a value or an explicit default value. Use of implicit default value may introduce unintended design optimizations. File: /home/tulio/Documents/Codes/DE2_exemplos/DE2_115 (fir_uart_ctsrts)/DE2_115.vhd Line: 174
Warning (10541): VHDL Signal Declaration warning at DE2_115.vhd(176): used implicit default value for signal "FL_WE_N" because signal was never assigned a value or an explicit default value. Use of implicit default value may introduce unintended design optimizations. File: /home/tulio/Documents/Codes/DE2_exemplos/DE2_115 (fir_uart_ctsrts)/DE2_115.vhd Line: 176
Warning (10541): VHDL Signal Declaration warning at DE2_115.vhd(177): used implicit default value for signal "FL_WP_N" because signal was never assigned a value or an explicit default value. Use of implicit default value may introduce unintended design optimizations. File: /home/tulio/Documents/Codes/DE2_exemplos/DE2_115 (fir_uart_ctsrts)/DE2_115.vhd Line: 177
Warning (10541): VHDL Signal Declaration warning at DE2_115.vhd(264): used implicit default value for signal "UNIDADE" because signal was never assigned a value or an explicit default value. Use of implicit default value may introduce unintended design optimizations. File: /home/tulio/Documents/Codes/DE2_exemplos/DE2_115 (fir_uart_ctsrts)/DE2_115.vhd Line: 264
Warning (10541): VHDL Signal Declaration warning at DE2_115.vhd(265): used implicit default value for signal "DEZENA" because signal was never assigned a value or an explicit default value. Use of implicit default value may introduce unintended design optimizations. File: /home/tulio/Documents/Codes/DE2_exemplos/DE2_115 (fir_uart_ctsrts)/DE2_115.vhd Line: 265
Warning (10036): Verilog HDL or VHDL warning at DE2_115.vhd(283): object "dKEY" assigned a value but never read File: /home/tulio/Documents/Codes/DE2_exemplos/DE2_115 (fir_uart_ctsrts)/DE2_115.vhd Line: 283
Warning (10036): Verilog HDL or VHDL warning at DE2_115.vhd(284): object "dSW" assigned a value but never read File: /home/tulio/Documents/Codes/DE2_exemplos/DE2_115 (fir_uart_ctsrts)/DE2_115.vhd Line: 284
Warning (10492): VHDL Process Statement warning at DE2_115.vhd(490): signal "AUD_ADCDAT" is read inside the Process Statement but isn't in the Process Statement's sensitivity list File: /home/tulio/Documents/Codes/DE2_exemplos/DE2_115 (fir_uart_ctsrts)/DE2_115.vhd Line: 490
Warning (10492): VHDL Process Statement warning at DE2_115.vhd(492): signal "dacDat" is read inside the Process Statement but isn't in the Process Statement's sensitivity list File: /home/tulio/Documents/Codes/DE2_exemplos/DE2_115 (fir_uart_ctsrts)/DE2_115.vhd Line: 492
Warning (10492): VHDL Process Statement warning at DE2_115.vhd(500): signal "adcLOUT_SIG" is read inside the Process Statement but isn't in the Process Statement's sensitivity list File: /home/tulio/Documents/Codes/DE2_exemplos/DE2_115 (fir_uart_ctsrts)/DE2_115.vhd Line: 500
Warning (10492): VHDL Process Statement warning at DE2_115.vhd(501): signal "fir_out" is read inside the Process Statement but isn't in the Process Statement's sensitivity list File: /home/tulio/Documents/Codes/DE2_exemplos/DE2_115 (fir_uart_ctsrts)/DE2_115.vhd Line: 501
Warning (10492): VHDL Process Statement warning at DE2_115.vhd(502): signal "adcROUT_SIG" is read inside the Process Statement but isn't in the Process Statement's sensitivity list File: /home/tulio/Documents/Codes/DE2_exemplos/DE2_115 (fir_uart_ctsrts)/DE2_115.vhd Line: 502
Warning (10631): VHDL Process Statement warning at DE2_115.vhd(481): inferring latch(es) for signal or variable "fir_in", which holds its previous value in one or more paths through the process File: /home/tulio/Documents/Codes/DE2_exemplos/DE2_115 (fir_uart_ctsrts)/DE2_115.vhd Line: 481
Info (10041): Inferred latch for "fir_in[0]" at DE2_115.vhd(481) File: /home/tulio/Documents/Codes/DE2_exemplos/DE2_115 (fir_uart_ctsrts)/DE2_115.vhd Line: 481
Info (10041): Inferred latch for "fir_in[1]" at DE2_115.vhd(481) File: /home/tulio/Documents/Codes/DE2_exemplos/DE2_115 (fir_uart_ctsrts)/DE2_115.vhd Line: 481
Info (10041): Inferred latch for "fir_in[2]" at DE2_115.vhd(481) File: /home/tulio/Documents/Codes/DE2_exemplos/DE2_115 (fir_uart_ctsrts)/DE2_115.vhd Line: 481
Info (10041): Inferred latch for "fir_in[3]" at DE2_115.vhd(481) File: /home/tulio/Documents/Codes/DE2_exemplos/DE2_115 (fir_uart_ctsrts)/DE2_115.vhd Line: 481
Info (10041): Inferred latch for "fir_in[4]" at DE2_115.vhd(481) File: /home/tulio/Documents/Codes/DE2_exemplos/DE2_115 (fir_uart_ctsrts)/DE2_115.vhd Line: 481
Info (10041): Inferred latch for "fir_in[5]" at DE2_115.vhd(481) File: /home/tulio/Documents/Codes/DE2_exemplos/DE2_115 (fir_uart_ctsrts)/DE2_115.vhd Line: 481
Info (10041): Inferred latch for "fir_in[6]" at DE2_115.vhd(481) File: /home/tulio/Documents/Codes/DE2_exemplos/DE2_115 (fir_uart_ctsrts)/DE2_115.vhd Line: 481
Info (10041): Inferred latch for "fir_in[7]" at DE2_115.vhd(481) File: /home/tulio/Documents/Codes/DE2_exemplos/DE2_115 (fir_uart_ctsrts)/DE2_115.vhd Line: 481
Info (10041): Inferred latch for "fir_in[8]" at DE2_115.vhd(481) File: /home/tulio/Documents/Codes/DE2_exemplos/DE2_115 (fir_uart_ctsrts)/DE2_115.vhd Line: 481
Info (10041): Inferred latch for "fir_in[9]" at DE2_115.vhd(481) File: /home/tulio/Documents/Codes/DE2_exemplos/DE2_115 (fir_uart_ctsrts)/DE2_115.vhd Line: 481
Info (10041): Inferred latch for "fir_in[10]" at DE2_115.vhd(481) File: /home/tulio/Documents/Codes/DE2_exemplos/DE2_115 (fir_uart_ctsrts)/DE2_115.vhd Line: 481
Info (10041): Inferred latch for "fir_in[11]" at DE2_115.vhd(481) File: /home/tulio/Documents/Codes/DE2_exemplos/DE2_115 (fir_uart_ctsrts)/DE2_115.vhd Line: 481
Info (10041): Inferred latch for "fir_in[12]" at DE2_115.vhd(481) File: /home/tulio/Documents/Codes/DE2_exemplos/DE2_115 (fir_uart_ctsrts)/DE2_115.vhd Line: 481
Info (10041): Inferred latch for "fir_in[13]" at DE2_115.vhd(481) File: /home/tulio/Documents/Codes/DE2_exemplos/DE2_115 (fir_uart_ctsrts)/DE2_115.vhd Line: 481
Info (10041): Inferred latch for "fir_in[14]" at DE2_115.vhd(481) File: /home/tulio/Documents/Codes/DE2_exemplos/DE2_115 (fir_uart_ctsrts)/DE2_115.vhd Line: 481
Info (10041): Inferred latch for "fir_in[15]" at DE2_115.vhd(481) File: /home/tulio/Documents/Codes/DE2_exemplos/DE2_115 (fir_uart_ctsrts)/DE2_115.vhd Line: 481
Info (12128): Elaborating entity "DISPLAY7SEG" for hierarchy "DISPLAY7SEG:INST_DISP0" File: /home/tulio/Documents/Codes/DE2_exemplos/DE2_115 (fir_uart_ctsrts)/DE2_115.vhd Line: 300
Info (12128): Elaborating entity "TESTE_LCD" for hierarchy "TESTE_LCD:INST_TESTE_LCD" File: /home/tulio/Documents/Codes/DE2_exemplos/DE2_115 (fir_uart_ctsrts)/DE2_115.vhd Line: 357
Info (12128): Elaborating entity "LCD_CONTROLADOR" for hierarchy "TESTE_LCD:INST_TESTE_LCD|LCD_CONTROLADOR:LCDINST" File: /home/tulio/Documents/Codes/DE2_exemplos/DE2_115 (fir_uart_ctsrts)/TESTE_LCD.vhd Line: 59
Info (12128): Elaborating entity "RESET_DELAY" for hierarchy "RESET_DELAY:INST_DELAY_RESET" File: /home/tulio/Documents/Codes/DE2_exemplos/DE2_115 (fir_uart_ctsrts)/DE2_115.vhd Line: 370
Info (12128): Elaborating entity "PLL1" for hierarchy "PLL1:PLL1_inst" File: /home/tulio/Documents/Codes/DE2_exemplos/DE2_115 (fir_uart_ctsrts)/DE2_115.vhd Line: 377
Info (12128): Elaborating entity "altpll" for hierarchy "PLL1:PLL1_inst|altpll:altpll_component" File: /home/tulio/Documents/Codes/DE2_exemplos/DE2_115 (fir_uart_ctsrts)/PLL1.vhd Line: 133
Info (12130): Elaborated megafunction instantiation "PLL1:PLL1_inst|altpll:altpll_component" File: /home/tulio/Documents/Codes/DE2_exemplos/DE2_115 (fir_uart_ctsrts)/PLL1.vhd Line: 133
Info (12133): Instantiated megafunction "PLL1:PLL1_inst|altpll:altpll_component" with the following parameter: File: /home/tulio/Documents/Codes/DE2_exemplos/DE2_115 (fir_uart_ctsrts)/PLL1.vhd Line: 133
    Info (12134): Parameter "bandwidth_type" = "AUTO"
    Info (12134): Parameter "clk0_divide_by" = "25"
    Info (12134): Parameter "clk0_duty_cycle" = "50"
    Info (12134): Parameter "clk0_multiply_by" = "6"
    Info (12134): Parameter "clk0_phase_shift" = "0"
    Info (12134): Parameter "compensate_clock" = "CLK0"
    Info (12134): Parameter "inclk0_input_frequency" = "20000"
    Info (12134): Parameter "intended_device_family" = "Cyclone IV E"
    Info (12134): Parameter "lpm_hint" = "CBX_MODULE_PREFIX=PLL1"
    Info (12134): Parameter "lpm_type" = "altpll"
    Info (12134): Parameter "operation_mode" = "NORMAL"
    Info (12134): Parameter "pll_type" = "AUTO"
    Info (12134): Parameter "port_activeclock" = "PORT_UNUSED"
    Info (12134): Parameter "port_areset" = "PORT_UNUSED"
    Info (12134): Parameter "port_clkbad0" = "PORT_UNUSED"
    Info (12134): Parameter "port_clkbad1" = "PORT_UNUSED"
    Info (12134): Parameter "port_clkloss" = "PORT_UNUSED"
    Info (12134): Parameter "port_clkswitch" = "PORT_UNUSED"
    Info (12134): Parameter "port_configupdate" = "PORT_UNUSED"
    Info (12134): Parameter "port_fbin" = "PORT_UNUSED"
    Info (12134): Parameter "port_inclk0" = "PORT_USED"
    Info (12134): Parameter "port_inclk1" = "PORT_UNUSED"
    Info (12134): Parameter "port_locked" = "PORT_UNUSED"
    Info (12134): Parameter "port_pfdena" = "PORT_UNUSED"
    Info (12134): Parameter "port_phasecounterselect" = "PORT_UNUSED"
    Info (12134): Parameter "port_phasedone" = "PORT_UNUSED"
    Info (12134): Parameter "port_phasestep" = "PORT_UNUSED"
    Info (12134): Parameter "port_phaseupdown" = "PORT_UNUSED"
    Info (12134): Parameter "port_pllena" = "PORT_UNUSED"
    Info (12134): Parameter "port_scanaclr" = "PORT_UNUSED"
    Info (12134): Parameter "port_scanclk" = "PORT_UNUSED"
    Info (12134): Parameter "port_scanclkena" = "PORT_UNUSED"
    Info (12134): Parameter "port_scandata" = "PORT_UNUSED"
    Info (12134): Parameter "port_scandataout" = "PORT_UNUSED"
    Info (12134): Parameter "port_scandone" = "PORT_UNUSED"
    Info (12134): Parameter "port_scanread" = "PORT_UNUSED"
    Info (12134): Parameter "port_scanwrite" = "PORT_UNUSED"
    Info (12134): Parameter "port_clk0" = "PORT_USED"
    Info (12134): Parameter "port_clk1" = "PORT_UNUSED"
    Info (12134): Parameter "port_clk2" = "PORT_UNUSED"
    Info (12134): Parameter "port_clk3" = "PORT_UNUSED"
    Info (12134): Parameter "port_clk4" = "PORT_UNUSED"
    Info (12134): Parameter "port_clk5" = "PORT_UNUSED"
    Info (12134): Parameter "port_clkena0" = "PORT_UNUSED"
    Info (12134): Parameter "port_clkena1" = "PORT_UNUSED"
    Info (12134): Parameter "port_clkena2" = "PORT_UNUSED"
    Info (12134): Parameter "port_clkena3" = "PORT_UNUSED"
    Info (12134): Parameter "port_clkena4" = "PORT_UNUSED"
    Info (12134): Parameter "port_clkena5" = "PORT_UNUSED"
    Info (12134): Parameter "port_extclk0" = "PORT_UNUSED"
    Info (12134): Parameter "port_extclk1" = "PORT_UNUSED"
    Info (12134): Parameter "port_extclk2" = "PORT_UNUSED"
    Info (12134): Parameter "port_extclk3" = "PORT_UNUSED"
    Info (12134): Parameter "width_clock" = "5"
Info (12021): Found 1 design units, including 1 entities, in source file db/PLL1_altpll.v
    Info (12023): Found entity 1: PLL1_altpll File: /home/tulio/Documents/Codes/DE2_exemplos/DE2_115 (fir_uart_ctsrts)/db/PLL1_altpll.v Line: 30
Info (12128): Elaborating entity "PLL1_altpll" for hierarchy "PLL1:PLL1_inst|altpll:altpll_component|PLL1_altpll:auto_generated" File: /home/tulio/intelFPGA_lite/20.1/quartus/libraries/megafunctions/altpll.tdf Line: 898
Info (12128): Elaborating entity "PLL2" for hierarchy "PLL2:PLL2_inst" File: /home/tulio/Documents/Codes/DE2_exemplos/DE2_115 (fir_uart_ctsrts)/DE2_115.vhd Line: 384
Info (12128): Elaborating entity "altpll" for hierarchy "PLL2:PLL2_inst|altpll:altpll_component" File: /home/tulio/Documents/Codes/DE2_exemplos/DE2_115 (fir_uart_ctsrts)/PLL2.vhd Line: 132
Info (12130): Elaborated megafunction instantiation "PLL2:PLL2_inst|altpll:altpll_component" File: /home/tulio/Documents/Codes/DE2_exemplos/DE2_115 (fir_uart_ctsrts)/PLL2.vhd Line: 132
Info (12133): Instantiated megafunction "PLL2:PLL2_inst|altpll:altpll_component" with the following parameter: File: /home/tulio/Documents/Codes/DE2_exemplos/DE2_115 (fir_uart_ctsrts)/PLL2.vhd Line: 132
    Info (12134): Parameter "bandwidth_type" = "AUTO"
    Info (12134): Parameter "clk0_divide_by" = "250"
    Info (12134): Parameter "clk0_duty_cycle" = "50"
    Info (12134): Parameter "clk0_multiply_by" = "1"
    Info (12134): Parameter "clk0_phase_shift" = "0"
    Info (12134): Parameter "inclk0_input_frequency" = "20000"
    Info (12134): Parameter "intended_device_family" = "Cyclone IV E"
    Info (12134): Parameter "lpm_hint" = "CBX_MODULE_PREFIX=PLL2"
    Info (12134): Parameter "lpm_type" = "altpll"
    Info (12134): Parameter "operation_mode" = "NO_COMPENSATION"
    Info (12134): Parameter "pll_type" = "AUTO"
    Info (12134): Parameter "port_activeclock" = "PORT_UNUSED"
    Info (12134): Parameter "port_areset" = "PORT_UNUSED"
    Info (12134): Parameter "port_clkbad0" = "PORT_UNUSED"
    Info (12134): Parameter "port_clkbad1" = "PORT_UNUSED"
    Info (12134): Parameter "port_clkloss" = "PORT_UNUSED"
    Info (12134): Parameter "port_clkswitch" = "PORT_UNUSED"
    Info (12134): Parameter "port_configupdate" = "PORT_UNUSED"
    Info (12134): Parameter "port_fbin" = "PORT_UNUSED"
    Info (12134): Parameter "port_inclk0" = "PORT_USED"
    Info (12134): Parameter "port_inclk1" = "PORT_UNUSED"
    Info (12134): Parameter "port_locked" = "PORT_UNUSED"
    Info (12134): Parameter "port_pfdena" = "PORT_UNUSED"
    Info (12134): Parameter "port_phasecounterselect" = "PORT_UNUSED"
    Info (12134): Parameter "port_phasedone" = "PORT_UNUSED"
    Info (12134): Parameter "port_phasestep" = "PORT_UNUSED"
    Info (12134): Parameter "port_phaseupdown" = "PORT_UNUSED"
    Info (12134): Parameter "port_pllena" = "PORT_UNUSED"
    Info (12134): Parameter "port_scanaclr" = "PORT_UNUSED"
    Info (12134): Parameter "port_scanclk" = "PORT_UNUSED"
    Info (12134): Parameter "port_scanclkena" = "PORT_UNUSED"
    Info (12134): Parameter "port_scandata" = "PORT_UNUSED"
    Info (12134): Parameter "port_scandataout" = "PORT_UNUSED"
    Info (12134): Parameter "port_scandone" = "PORT_UNUSED"
    Info (12134): Parameter "port_scanread" = "PORT_UNUSED"
    Info (12134): Parameter "port_scanwrite" = "PORT_UNUSED"
    Info (12134): Parameter "port_clk0" = "PORT_USED"
    Info (12134): Parameter "port_clk1" = "PORT_UNUSED"
    Info (12134): Parameter "port_clk2" = "PORT_UNUSED"
    Info (12134): Parameter "port_clk3" = "PORT_UNUSED"
    Info (12134): Parameter "port_clk4" = "PORT_UNUSED"
    Info (12134): Parameter "port_clk5" = "PORT_UNUSED"
    Info (12134): Parameter "port_clkena0" = "PORT_UNUSED"
    Info (12134): Parameter "port_clkena1" = "PORT_UNUSED"
    Info (12134): Parameter "port_clkena2" = "PORT_UNUSED"
    Info (12134): Parameter "port_clkena3" = "PORT_UNUSED"
    Info (12134): Parameter "port_clkena4" = "PORT_UNUSED"
    Info (12134): Parameter "port_clkena5" = "PORT_UNUSED"
    Info (12134): Parameter "port_extclk0" = "PORT_UNUSED"
    Info (12134): Parameter "port_extclk1" = "PORT_UNUSED"
    Info (12134): Parameter "port_extclk2" = "PORT_UNUSED"
    Info (12134): Parameter "port_extclk3" = "PORT_UNUSED"
    Info (12134): Parameter "width_clock" = "5"
Info (12021): Found 1 design units, including 1 entities, in source file db/PLL2_altpll.v
    Info (12023): Found entity 1: PLL2_altpll File: /home/tulio/Documents/Codes/DE2_exemplos/DE2_115 (fir_uart_ctsrts)/db/PLL2_altpll.v Line: 30
Info (12128): Elaborating entity "PLL2_altpll" for hierarchy "PLL2:PLL2_inst|altpll:altpll_component|PLL2_altpll:auto_generated" File: /home/tulio/intelFPGA_lite/20.1/quartus/libraries/megafunctions/altpll.tdf Line: 898
Info (12128): Elaborating entity "audio_codec_controller" for hierarchy "audio_codec_controller:AUDIO_CODEC_INST" File: /home/tulio/Documents/Codes/DE2_exemplos/DE2_115 (fir_uart_ctsrts)/DE2_115.vhd Line: 391
Info (12128): Elaborating entity "I2C_Controller" for hierarchy "audio_codec_controller:AUDIO_CODEC_INST|I2C_Controller:i2cController" File: /home/tulio/Documents/Codes/DE2_exemplos/DE2_115 (fir_uart_ctsrts)/audio_codec_controller.vhd Line: 103
Warning (10036): Verilog HDL or VHDL warning at I2C_Controller.vhd(36): object "DELAY" assigned a value but never read File: /home/tulio/Documents/Codes/DE2_exemplos/DE2_115 (fir_uart_ctsrts)/I2C_Controller.vhd Line: 36
Warning (10492): VHDL Process Statement warning at I2C_Controller.vhd(53): signal "SD_COUNTER_REG" is read inside the Process Statement but isn't in the Process Statement's sensitivity list File: /home/tulio/Documents/Codes/DE2_exemplos/DE2_115 (fir_uart_ctsrts)/I2C_Controller.vhd Line: 53
Warning (10492): VHDL Process Statement warning at I2C_Controller.vhd(56): signal "SCLK" is read inside the Process Statement but isn't in the Process Statement's sensitivity list File: /home/tulio/Documents/Codes/DE2_exemplos/DE2_115 (fir_uart_ctsrts)/I2C_Controller.vhd Line: 56
Warning (10492): VHDL Process Statement warning at I2C_Controller.vhd(59): signal "SDO_REG" is read inside the Process Statement but isn't in the Process Statement's sensitivity list File: /home/tulio/Documents/Codes/DE2_exemplos/DE2_115 (fir_uart_ctsrts)/I2C_Controller.vhd Line: 59
Warning (10492): VHDL Process Statement warning at I2C_Controller.vhd(92): signal "I2C_DATA" is read inside the Process Statement but isn't in the Process Statement's sensitivity list File: /home/tulio/Documents/Codes/DE2_exemplos/DE2_115 (fir_uart_ctsrts)/I2C_Controller.vhd Line: 92
Warning (12125): Using design file delayCounter.vhd, which is not specified as a design file for the current project, but contains definitions for 2 design units and 1 entities in project
    Info (12022): Found design unit 1: delayCounter-delayCounterInside File: /home/tulio/Documents/Codes/DE2_exemplos/DE2_115 (fir_uart_ctsrts)/delayCounter.vhd Line: 18
    Info (12023): Found entity 1: delayCounter File: /home/tulio/Documents/Codes/DE2_exemplos/DE2_115 (fir_uart_ctsrts)/delayCounter.vhd Line: 12
Info (12128): Elaborating entity "delayCounter" for hierarchy "audio_codec_controller:AUDIO_CODEC_INST|delayCounter:adcDacControllerStartDelay" File: /home/tulio/Documents/Codes/DE2_exemplos/DE2_115 (fir_uart_ctsrts)/audio_codec_controller.vhd Line: 120
Info (12128): Elaborating entity "fir_trans" for hierarchy "fir_trans:fir" File: /home/tulio/Documents/Codes/DE2_exemplos/DE2_115 (fir_uart_ctsrts)/DE2_115.vhd Line: 412
Info (12128): Elaborating entity "mult" for hierarchy "fir_trans:fir|mult:\gen_mult:0:U" File: /home/tulio/Documents/Codes/DE2_exemplos/DE2_115 (fir_uart_ctsrts)/tulio_srcs/fir_trans/fir_trans.vhd Line: 36
Info (12128): Elaborating entity "reg" for hierarchy "fir_trans:fir|reg:\gen_reg_uart:0:first:U" File: /home/tulio/Documents/Codes/DE2_exemplos/DE2_115 (fir_uart_ctsrts)/tulio_srcs/fir_trans/fir_trans.vhd Line: 68
Info (12128): Elaborating entity "uart_top" for hierarchy "uart_top:u_uart_top" File: /home/tulio/Documents/Codes/DE2_exemplos/DE2_115 (fir_uart_ctsrts)/DE2_115.vhd Line: 426
Warning (10036): Verilog HDL or VHDL warning at uart_top.vhd(42): object "rx_busy_s" assigned a value but never read File: /home/tulio/Documents/Codes/DE2_exemplos/DE2_115 (fir_uart_ctsrts)/tulio_srcs/uart/uart_top.vhd Line: 42
Warning (10036): Verilog HDL or VHDL warning at uart_top.vhd(46): object "tx_busy_s" assigned a value but never read File: /home/tulio/Documents/Codes/DE2_exemplos/DE2_115 (fir_uart_ctsrts)/tulio_srcs/uart/uart_top.vhd Line: 46
Info (12128): Elaborating entity "uart_receiver" for hierarchy "uart_top:u_uart_top|uart_receiver:u_rx" File: /home/tulio/Documents/Codes/DE2_exemplos/DE2_115 (fir_uart_ctsrts)/tulio_srcs/uart/uart_top.vhd Line: 80
Info (12128): Elaborating entity "sampler_generator" for hierarchy "uart_top:u_uart_top|uart_receiver:u_rx|sampler_generator:sampler_generator_1" File: /home/tulio/Documents/Codes/DE2_exemplos/DE2_115 (fir_uart_ctsrts)/tulio_srcs/uart/uart_receiver.vhd Line: 73
Info (12128): Elaborating entity "uart_transmitter" for hierarchy "uart_top:u_uart_top|uart_transmitter:u_tx" File: /home/tulio/Documents/Codes/DE2_exemplos/DE2_115 (fir_uart_ctsrts)/tulio_srcs/uart/uart_top.vhd Line: 93
Info (12128): Elaborating entity "word_rx" for hierarchy "word_rx:u_word_rx" File: /home/tulio/Documents/Codes/DE2_exemplos/DE2_115 (fir_uart_ctsrts)/DE2_115.vhd Line: 436
Info (12128): Elaborating entity "keys_sws_debounce_full" for hierarchy "keys_sws_debounce_full:ksd" File: /home/tulio/Documents/Codes/DE2_exemplos/DE2_115 (fir_uart_ctsrts)/DE2_115.vhd Line: 446
Info (278001): Inferred 4 megafunctions from design logic
    Info (278003): Inferred multiplier megafunction ("lpm_mult") from the following logic: "fir_trans:fir|mult:\gen_mult:3:U|Mult0" File: /home/tulio/Documents/Codes/DE2_exemplos/DE2_115 (fir_uart_ctsrts)/tulio_srcs/fir_trans/mult.vhd Line: 16
    Info (278003): Inferred multiplier megafunction ("lpm_mult") from the following logic: "fir_trans:fir|mult:\gen_mult:2:U|Mult0" File: /home/tulio/Documents/Codes/DE2_exemplos/DE2_115 (fir_uart_ctsrts)/tulio_srcs/fir_trans/mult.vhd Line: 16
    Info (278003): Inferred multiplier megafunction ("lpm_mult") from the following logic: "fir_trans:fir|mult:\gen_mult:1:U|Mult0" File: /home/tulio/Documents/Codes/DE2_exemplos/DE2_115 (fir_uart_ctsrts)/tulio_srcs/fir_trans/mult.vhd Line: 16
    Info (278003): Inferred multiplier megafunction ("lpm_mult") from the following logic: "fir_trans:fir|mult:\gen_mult:0:U|Mult0" File: /home/tulio/Documents/Codes/DE2_exemplos/DE2_115 (fir_uart_ctsrts)/tulio_srcs/fir_trans/mult.vhd Line: 16
Info (12130): Elaborated megafunction instantiation "fir_trans:fir|mult:\gen_mult:3:U|lpm_mult:Mult0" File: /home/tulio/Documents/Codes/DE2_exemplos/DE2_115 (fir_uart_ctsrts)/tulio_srcs/fir_trans/mult.vhd Line: 16
Info (12133): Instantiated megafunction "fir_trans:fir|mult:\gen_mult:3:U|lpm_mult:Mult0" with the following parameter: File: /home/tulio/Documents/Codes/DE2_exemplos/DE2_115 (fir_uart_ctsrts)/tulio_srcs/fir_trans/mult.vhd Line: 16
    Info (12134): Parameter "LPM_WIDTHA" = "16"
    Info (12134): Parameter "LPM_WIDTHB" = "16"
    Info (12134): Parameter "LPM_WIDTHP" = "32"
    Info (12134): Parameter "LPM_WIDTHR" = "32"
    Info (12134): Parameter "LPM_WIDTHS" = "1"
    Info (12134): Parameter "LPM_REPRESENTATION" = "SIGNED"
    Info (12134): Parameter "INPUT_A_IS_CONSTANT" = "NO"
    Info (12134): Parameter "INPUT_B_IS_CONSTANT" = "NO"
    Info (12134): Parameter "MAXIMIZE_SPEED" = "5"
Info (12021): Found 1 design units, including 1 entities, in source file db/mult_36t.tdf
    Info (12023): Found entity 1: mult_36t File: /home/tulio/Documents/Codes/DE2_exemplos/DE2_115 (fir_uart_ctsrts)/db/mult_36t.tdf Line: 29
Warning (13034): The following nodes have both tri-state and non-tri-state drivers
    Warning (13035): Inserted always-enabled tri-state buffer between "LCD_DATA[0]" and its non-tri-state driver. File: /home/tulio/Documents/Codes/DE2_exemplos/DE2_115 (fir_uart_ctsrts)/DE2_115.vhd Line: 41
    Warning (13035): Inserted always-enabled tri-state buffer between "LCD_DATA[1]" and its non-tri-state driver. File: /home/tulio/Documents/Codes/DE2_exemplos/DE2_115 (fir_uart_ctsrts)/DE2_115.vhd Line: 41
    Warning (13035): Inserted always-enabled tri-state buffer between "LCD_DATA[2]" and its non-tri-state driver. File: /home/tulio/Documents/Codes/DE2_exemplos/DE2_115 (fir_uart_ctsrts)/DE2_115.vhd Line: 41
    Warning (13035): Inserted always-enabled tri-state buffer between "LCD_DATA[3]" and its non-tri-state driver. File: /home/tulio/Documents/Codes/DE2_exemplos/DE2_115 (fir_uart_ctsrts)/DE2_115.vhd Line: 41
    Warning (13035): Inserted always-enabled tri-state buffer between "LCD_DATA[4]" and its non-tri-state driver. File: /home/tulio/Documents/Codes/DE2_exemplos/DE2_115 (fir_uart_ctsrts)/DE2_115.vhd Line: 41
    Warning (13035): Inserted always-enabled tri-state buffer between "LCD_DATA[5]" and its non-tri-state driver. File: /home/tulio/Documents/Codes/DE2_exemplos/DE2_115 (fir_uart_ctsrts)/DE2_115.vhd Line: 41
    Warning (13035): Inserted always-enabled tri-state buffer between "LCD_DATA[6]" and its non-tri-state driver. File: /home/tulio/Documents/Codes/DE2_exemplos/DE2_115 (fir_uart_ctsrts)/DE2_115.vhd Line: 41
    Warning (13035): Inserted always-enabled tri-state buffer between "LCD_DATA[7]" and its non-tri-state driver. File: /home/tulio/Documents/Codes/DE2_exemplos/DE2_115 (fir_uart_ctsrts)/DE2_115.vhd Line: 41
    Warning (13035): Inserted always-enabled tri-state buffer between "AUD_ADCLRCK" and its non-tri-state driver. File: /home/tulio/Documents/Codes/DE2_exemplos/DE2_115 (fir_uart_ctsrts)/DE2_115.vhd Line: 74
    Warning (13035): Inserted always-enabled tri-state buffer between "AUD_BCLK" and its non-tri-state driver. File: /home/tulio/Documents/Codes/DE2_exemplos/DE2_115 (fir_uart_ctsrts)/DE2_115.vhd Line: 75
    Warning (13035): Inserted always-enabled tri-state buffer between "AUD_DACLRCK" and its non-tri-state driver. File: /home/tulio/Documents/Codes/DE2_exemplos/DE2_115 (fir_uart_ctsrts)/DE2_115.vhd Line: 77
    Warning (13035): Inserted always-enabled tri-state buffer between "I2C_SDAT" and its non-tri-state driver. File: /home/tulio/Documents/Codes/DE2_exemplos/DE2_115 (fir_uart_ctsrts)/DE2_115.vhd Line: 86
Warning (13039): The following bidirectional pins have no drivers
    Warning (13040): bidirectional pin "EX_IO[0]" has no driver File: /home/tulio/Documents/Codes/DE2_exemplos/DE2_115 (fir_uart_ctsrts)/DE2_115.vhd Line: 26
    Warning (13040): bidirectional pin "EX_IO[1]" has no driver File: /home/tulio/Documents/Codes/DE2_exemplos/DE2_115 (fir_uart_ctsrts)/DE2_115.vhd Line: 26
    Warning (13040): bidirectional pin "EX_IO[2]" has no driver File: /home/tulio/Documents/Codes/DE2_exemplos/DE2_115 (fir_uart_ctsrts)/DE2_115.vhd Line: 26
    Warning (13040): bidirectional pin "EX_IO[3]" has no driver File: /home/tulio/Documents/Codes/DE2_exemplos/DE2_115 (fir_uart_ctsrts)/DE2_115.vhd Line: 26
    Warning (13040): bidirectional pin "EX_IO[4]" has no driver File: /home/tulio/Documents/Codes/DE2_exemplos/DE2_115 (fir_uart_ctsrts)/DE2_115.vhd Line: 26
    Warning (13040): bidirectional pin "EX_IO[5]" has no driver File: /home/tulio/Documents/Codes/DE2_exemplos/DE2_115 (fir_uart_ctsrts)/DE2_115.vhd Line: 26
    Warning (13040): bidirectional pin "EX_IO[6]" has no driver File: /home/tulio/Documents/Codes/DE2_exemplos/DE2_115 (fir_uart_ctsrts)/DE2_115.vhd Line: 26
    Warning (13040): bidirectional pin "PS2_CLK" has no driver File: /home/tulio/Documents/Codes/DE2_exemplos/DE2_115 (fir_uart_ctsrts)/DE2_115.vhd Line: 53
    Warning (13040): bidirectional pin "PS2_CLK2" has no driver File: /home/tulio/Documents/Codes/DE2_exemplos/DE2_115 (fir_uart_ctsrts)/DE2_115.vhd Line: 54
    Warning (13040): bidirectional pin "PS2_DAT" has no driver File: /home/tulio/Documents/Codes/DE2_exemplos/DE2_115 (fir_uart_ctsrts)/DE2_115.vhd Line: 55
    Warning (13040): bidirectional pin "PS2_DAT2" has no driver File: /home/tulio/Documents/Codes/DE2_exemplos/DE2_115 (fir_uart_ctsrts)/DE2_115.vhd Line: 56
    Warning (13040): bidirectional pin "SD_CMD" has no driver File: /home/tulio/Documents/Codes/DE2_exemplos/DE2_115 (fir_uart_ctsrts)/DE2_115.vhd Line: 59
    Warning (13040): bidirectional pin "SD_DAT[0]" has no driver File: /home/tulio/Documents/Codes/DE2_exemplos/DE2_115 (fir_uart_ctsrts)/DE2_115.vhd Line: 60
    Warning (13040): bidirectional pin "SD_DAT[1]" has no driver File: /home/tulio/Documents/Codes/DE2_exemplos/DE2_115 (fir_uart_ctsrts)/DE2_115.vhd Line: 60
    Warning (13040): bidirectional pin "SD_DAT[2]" has no driver File: /home/tulio/Documents/Codes/DE2_exemplos/DE2_115 (fir_uart_ctsrts)/DE2_115.vhd Line: 60
    Warning (13040): bidirectional pin "SD_DAT[3]" has no driver File: /home/tulio/Documents/Codes/DE2_exemplos/DE2_115 (fir_uart_ctsrts)/DE2_115.vhd Line: 60
    Warning (13040): bidirectional pin "EEP_I2C_SDAT" has no driver File: /home/tulio/Documents/Codes/DE2_exemplos/DE2_115 (fir_uart_ctsrts)/DE2_115.vhd Line: 82
    Warning (13040): bidirectional pin "ENET0_MDIO" has no driver File: /home/tulio/Documents/Codes/DE2_exemplos/DE2_115 (fir_uart_ctsrts)/DE2_115.vhd Line: 93
    Warning (13040): bidirectional pin "ENET1_MDIO" has no driver File: /home/tulio/Documents/Codes/DE2_exemplos/DE2_115 (fir_uart_ctsrts)/DE2_115.vhd Line: 112
    Warning (13040): bidirectional pin "OTG_DATA[0]" has no driver File: /home/tulio/Documents/Codes/DE2_exemplos/DE2_115 (fir_uart_ctsrts)/DE2_115.vhd Line: 136
    Warning (13040): bidirectional pin "OTG_DATA[1]" has no driver File: /home/tulio/Documents/Codes/DE2_exemplos/DE2_115 (fir_uart_ctsrts)/DE2_115.vhd Line: 136
    Warning (13040): bidirectional pin "OTG_DATA[2]" has no driver File: /home/tulio/Documents/Codes/DE2_exemplos/DE2_115 (fir_uart_ctsrts)/DE2_115.vhd Line: 136
    Warning (13040): bidirectional pin "OTG_DATA[3]" has no driver File: /home/tulio/Documents/Codes/DE2_exemplos/DE2_115 (fir_uart_ctsrts)/DE2_115.vhd Line: 136
    Warning (13040): bidirectional pin "OTG_DATA[4]" has no driver File: /home/tulio/Documents/Codes/DE2_exemplos/DE2_115 (fir_uart_ctsrts)/DE2_115.vhd Line: 136
    Warning (13040): bidirectional pin "OTG_DATA[5]" has no driver File: /home/tulio/Documents/Codes/DE2_exemplos/DE2_115 (fir_uart_ctsrts)/DE2_115.vhd Line: 136
    Warning (13040): bidirectional pin "OTG_DATA[6]" has no driver File: /home/tulio/Documents/Codes/DE2_exemplos/DE2_115 (fir_uart_ctsrts)/DE2_115.vhd Line: 136
    Warning (13040): bidirectional pin "OTG_DATA[7]" has no driver File: /home/tulio/Documents/Codes/DE2_exemplos/DE2_115 (fir_uart_ctsrts)/DE2_115.vhd Line: 136
    Warning (13040): bidirectional pin "OTG_DATA[8]" has no driver File: /home/tulio/Documents/Codes/DE2_exemplos/DE2_115 (fir_uart_ctsrts)/DE2_115.vhd Line: 136
    Warning (13040): bidirectional pin "OTG_DATA[9]" has no driver File: /home/tulio/Documents/Codes/DE2_exemplos/DE2_115 (fir_uart_ctsrts)/DE2_115.vhd Line: 136
    Warning (13040): bidirectional pin "OTG_DATA[10]" has no driver File: /home/tulio/Documents/Codes/DE2_exemplos/DE2_115 (fir_uart_ctsrts)/DE2_115.vhd Line: 136
    Warning (13040): bidirectional pin "OTG_DATA[11]" has no driver File: /home/tulio/Documents/Codes/DE2_exemplos/DE2_115 (fir_uart_ctsrts)/DE2_115.vhd Line: 136
    Warning (13040): bidirectional pin "OTG_DATA[12]" has no driver File: /home/tulio/Documents/Codes/DE2_exemplos/DE2_115 (fir_uart_ctsrts)/DE2_115.vhd Line: 136
    Warning (13040): bidirectional pin "OTG_DATA[13]" has no driver File: /home/tulio/Documents/Codes/DE2_exemplos/DE2_115 (fir_uart_ctsrts)/DE2_115.vhd Line: 136
    Warning (13040): bidirectional pin "OTG_DATA[14]" has no driver File: /home/tulio/Documents/Codes/DE2_exemplos/DE2_115 (fir_uart_ctsrts)/DE2_115.vhd Line: 136
    Warning (13040): bidirectional pin "OTG_DATA[15]" has no driver File: /home/tulio/Documents/Codes/DE2_exemplos/DE2_115 (fir_uart_ctsrts)/DE2_115.vhd Line: 136
    Warning (13040): bidirectional pin "OTG_FSPEED" has no driver File: /home/tulio/Documents/Codes/DE2_exemplos/DE2_115 (fir_uart_ctsrts)/DE2_115.vhd Line: 138
    Warning (13040): bidirectional pin "OTG_LSPEED" has no driver File: /home/tulio/Documents/Codes/DE2_exemplos/DE2_115 (fir_uart_ctsrts)/DE2_115.vhd Line: 140
    Warning (13040): bidirectional pin "DRAM_DQ[0]" has no driver File: /home/tulio/Documents/Codes/DE2_exemplos/DE2_115 (fir_uart_ctsrts)/DE2_115.vhd Line: 155
    Warning (13040): bidirectional pin "DRAM_DQ[1]" has no driver File: /home/tulio/Documents/Codes/DE2_exemplos/DE2_115 (fir_uart_ctsrts)/DE2_115.vhd Line: 155
    Warning (13040): bidirectional pin "DRAM_DQ[2]" has no driver File: /home/tulio/Documents/Codes/DE2_exemplos/DE2_115 (fir_uart_ctsrts)/DE2_115.vhd Line: 155
    Warning (13040): bidirectional pin "DRAM_DQ[3]" has no driver File: /home/tulio/Documents/Codes/DE2_exemplos/DE2_115 (fir_uart_ctsrts)/DE2_115.vhd Line: 155
    Warning (13040): bidirectional pin "DRAM_DQ[4]" has no driver File: /home/tulio/Documents/Codes/DE2_exemplos/DE2_115 (fir_uart_ctsrts)/DE2_115.vhd Line: 155
    Warning (13040): bidirectional pin "DRAM_DQ[5]" has no driver File: /home/tulio/Documents/Codes/DE2_exemplos/DE2_115 (fir_uart_ctsrts)/DE2_115.vhd Line: 155
    Warning (13040): bidirectional pin "DRAM_DQ[6]" has no driver File: /home/tulio/Documents/Codes/DE2_exemplos/DE2_115 (fir_uart_ctsrts)/DE2_115.vhd Line: 155
    Warning (13040): bidirectional pin "DRAM_DQ[7]" has no driver File: /home/tulio/Documents/Codes/DE2_exemplos/DE2_115 (fir_uart_ctsrts)/DE2_115.vhd Line: 155
    Warning (13040): bidirectional pin "DRAM_DQ[8]" has no driver File: /home/tulio/Documents/Codes/DE2_exemplos/DE2_115 (fir_uart_ctsrts)/DE2_115.vhd Line: 155
    Warning (13040): bidirectional pin "DRAM_DQ[9]" has no driver File: /home/tulio/Documents/Codes/DE2_exemplos/DE2_115 (fir_uart_ctsrts)/DE2_115.vhd Line: 155
    Warning (13040): bidirectional pin "DRAM_DQ[10]" has no driver File: /home/tulio/Documents/Codes/DE2_exemplos/DE2_115 (fir_uart_ctsrts)/DE2_115.vhd Line: 155
    Warning (13040): bidirectional pin "DRAM_DQ[11]" has no driver File: /home/tulio/Documents/Codes/DE2_exemplos/DE2_115 (fir_uart_ctsrts)/DE2_115.vhd Line: 155
    Warning (13040): bidirectional pin "DRAM_DQ[12]" has no driver File: /home/tulio/Documents/Codes/DE2_exemplos/DE2_115 (fir_uart_ctsrts)/DE2_115.vhd Line: 155
    Warning (13040): bidirectional pin "DRAM_DQ[13]" has no driver File: /home/tulio/Documents/Codes/DE2_exemplos/DE2_115 (fir_uart_ctsrts)/DE2_115.vhd Line: 155
    Warning (13040): bidirectional pin "DRAM_DQ[14]" has no driver File: /home/tulio/Documents/Codes/DE2_exemplos/DE2_115 (fir_uart_ctsrts)/DE2_115.vhd Line: 155
    Warning (13040): bidirectional pin "DRAM_DQ[15]" has no driver File: /home/tulio/Documents/Codes/DE2_exemplos/DE2_115 (fir_uart_ctsrts)/DE2_115.vhd Line: 155
    Warning (13040): bidirectional pin "DRAM_DQ[16]" has no driver File: /home/tulio/Documents/Codes/DE2_exemplos/DE2_115 (fir_uart_ctsrts)/DE2_115.vhd Line: 155
    Warning (13040): bidirectional pin "DRAM_DQ[17]" has no driver File: /home/tulio/Documents/Codes/DE2_exemplos/DE2_115 (fir_uart_ctsrts)/DE2_115.vhd Line: 155
    Warning (13040): bidirectional pin "DRAM_DQ[18]" has no driver File: /home/tulio/Documents/Codes/DE2_exemplos/DE2_115 (fir_uart_ctsrts)/DE2_115.vhd Line: 155
    Warning (13040): bidirectional pin "DRAM_DQ[19]" has no driver File: /home/tulio/Documents/Codes/DE2_exemplos/DE2_115 (fir_uart_ctsrts)/DE2_115.vhd Line: 155
    Warning (13040): bidirectional pin "DRAM_DQ[20]" has no driver File: /home/tulio/Documents/Codes/DE2_exemplos/DE2_115 (fir_uart_ctsrts)/DE2_115.vhd Line: 155
    Warning (13040): bidirectional pin "DRAM_DQ[21]" has no driver File: /home/tulio/Documents/Codes/DE2_exemplos/DE2_115 (fir_uart_ctsrts)/DE2_115.vhd Line: 155
    Warning (13040): bidirectional pin "DRAM_DQ[22]" has no driver File: /home/tulio/Documents/Codes/DE2_exemplos/DE2_115 (fir_uart_ctsrts)/DE2_115.vhd Line: 155
    Warning (13040): bidirectional pin "DRAM_DQ[23]" has no driver File: /home/tulio/Documents/Codes/DE2_exemplos/DE2_115 (fir_uart_ctsrts)/DE2_115.vhd Line: 155
    Warning (13040): bidirectional pin "DRAM_DQ[24]" has no driver File: /home/tulio/Documents/Codes/DE2_exemplos/DE2_115 (fir_uart_ctsrts)/DE2_115.vhd Line: 155
    Warning (13040): bidirectional pin "DRAM_DQ[25]" has no driver File: /home/tulio/Documents/Codes/DE2_exemplos/DE2_115 (fir_uart_ctsrts)/DE2_115.vhd Line: 155
    Warning (13040): bidirectional pin "DRAM_DQ[26]" has no driver File: /home/tulio/Documents/Codes/DE2_exemplos/DE2_115 (fir_uart_ctsrts)/DE2_115.vhd Line: 155
    Warning (13040): bidirectional pin "DRAM_DQ[27]" has no driver File: /home/tulio/Documents/Codes/DE2_exemplos/DE2_115 (fir_uart_ctsrts)/DE2_115.vhd Line: 155
    Warning (13040): bidirectional pin "DRAM_DQ[28]" has no driver File: /home/tulio/Documents/Codes/DE2_exemplos/DE2_115 (fir_uart_ctsrts)/DE2_115.vhd Line: 155
    Warning (13040): bidirectional pin "DRAM_DQ[29]" has no driver File: /home/tulio/Documents/Codes/DE2_exemplos/DE2_115 (fir_uart_ctsrts)/DE2_115.vhd Line: 155
    Warning (13040): bidirectional pin "DRAM_DQ[30]" has no driver File: /home/tulio/Documents/Codes/DE2_exemplos/DE2_115 (fir_uart_ctsrts)/DE2_115.vhd Line: 155
    Warning (13040): bidirectional pin "DRAM_DQ[31]" has no driver File: /home/tulio/Documents/Codes/DE2_exemplos/DE2_115 (fir_uart_ctsrts)/DE2_115.vhd Line: 155
    Warning (13040): bidirectional pin "SRAM_DQ[0]" has no driver File: /home/tulio/Documents/Codes/DE2_exemplos/DE2_115 (fir_uart_ctsrts)/DE2_115.vhd Line: 163
    Warning (13040): bidirectional pin "SRAM_DQ[1]" has no driver File: /home/tulio/Documents/Codes/DE2_exemplos/DE2_115 (fir_uart_ctsrts)/DE2_115.vhd Line: 163
    Warning (13040): bidirectional pin "SRAM_DQ[2]" has no driver File: /home/tulio/Documents/Codes/DE2_exemplos/DE2_115 (fir_uart_ctsrts)/DE2_115.vhd Line: 163
    Warning (13040): bidirectional pin "SRAM_DQ[3]" has no driver File: /home/tulio/Documents/Codes/DE2_exemplos/DE2_115 (fir_uart_ctsrts)/DE2_115.vhd Line: 163
    Warning (13040): bidirectional pin "SRAM_DQ[4]" has no driver File: /home/tulio/Documents/Codes/DE2_exemplos/DE2_115 (fir_uart_ctsrts)/DE2_115.vhd Line: 163
    Warning (13040): bidirectional pin "SRAM_DQ[5]" has no driver File: /home/tulio/Documents/Codes/DE2_exemplos/DE2_115 (fir_uart_ctsrts)/DE2_115.vhd Line: 163
    Warning (13040): bidirectional pin "SRAM_DQ[6]" has no driver File: /home/tulio/Documents/Codes/DE2_exemplos/DE2_115 (fir_uart_ctsrts)/DE2_115.vhd Line: 163
    Warning (13040): bidirectional pin "SRAM_DQ[7]" has no driver File: /home/tulio/Documents/Codes/DE2_exemplos/DE2_115 (fir_uart_ctsrts)/DE2_115.vhd Line: 163
    Warning (13040): bidirectional pin "SRAM_DQ[8]" has no driver File: /home/tulio/Documents/Codes/DE2_exemplos/DE2_115 (fir_uart_ctsrts)/DE2_115.vhd Line: 163
    Warning (13040): bidirectional pin "SRAM_DQ[9]" has no driver File: /home/tulio/Documents/Codes/DE2_exemplos/DE2_115 (fir_uart_ctsrts)/DE2_115.vhd Line: 163
    Warning (13040): bidirectional pin "SRAM_DQ[10]" has no driver File: /home/tulio/Documents/Codes/DE2_exemplos/DE2_115 (fir_uart_ctsrts)/DE2_115.vhd Line: 163
    Warning (13040): bidirectional pin "SRAM_DQ[11]" has no driver File: /home/tulio/Documents/Codes/DE2_exemplos/DE2_115 (fir_uart_ctsrts)/DE2_115.vhd Line: 163
    Warning (13040): bidirectional pin "SRAM_DQ[12]" has no driver File: /home/tulio/Documents/Codes/DE2_exemplos/DE2_115 (fir_uart_ctsrts)/DE2_115.vhd Line: 163
    Warning (13040): bidirectional pin "SRAM_DQ[13]" has no driver File: /home/tulio/Documents/Codes/DE2_exemplos/DE2_115 (fir_uart_ctsrts)/DE2_115.vhd Line: 163
    Warning (13040): bidirectional pin "SRAM_DQ[14]" has no driver File: /home/tulio/Documents/Codes/DE2_exemplos/DE2_115 (fir_uart_ctsrts)/DE2_115.vhd Line: 163
    Warning (13040): bidirectional pin "SRAM_DQ[15]" has no driver File: /home/tulio/Documents/Codes/DE2_exemplos/DE2_115 (fir_uart_ctsrts)/DE2_115.vhd Line: 163
    Warning (13040): bidirectional pin "FL_DQ[0]" has no driver File: /home/tulio/Documents/Codes/DE2_exemplos/DE2_115 (fir_uart_ctsrts)/DE2_115.vhd Line: 172
    Warning (13040): bidirectional pin "FL_DQ[1]" has no driver File: /home/tulio/Documents/Codes/DE2_exemplos/DE2_115 (fir_uart_ctsrts)/DE2_115.vhd Line: 172
    Warning (13040): bidirectional pin "FL_DQ[2]" has no driver File: /home/tulio/Documents/Codes/DE2_exemplos/DE2_115 (fir_uart_ctsrts)/DE2_115.vhd Line: 172
    Warning (13040): bidirectional pin "FL_DQ[3]" has no driver File: /home/tulio/Documents/Codes/DE2_exemplos/DE2_115 (fir_uart_ctsrts)/DE2_115.vhd Line: 172
    Warning (13040): bidirectional pin "FL_DQ[4]" has no driver File: /home/tulio/Documents/Codes/DE2_exemplos/DE2_115 (fir_uart_ctsrts)/DE2_115.vhd Line: 172
    Warning (13040): bidirectional pin "FL_DQ[5]" has no driver File: /home/tulio/Documents/Codes/DE2_exemplos/DE2_115 (fir_uart_ctsrts)/DE2_115.vhd Line: 172
    Warning (13040): bidirectional pin "FL_DQ[6]" has no driver File: /home/tulio/Documents/Codes/DE2_exemplos/DE2_115 (fir_uart_ctsrts)/DE2_115.vhd Line: 172
    Warning (13040): bidirectional pin "FL_DQ[7]" has no driver File: /home/tulio/Documents/Codes/DE2_exemplos/DE2_115 (fir_uart_ctsrts)/DE2_115.vhd Line: 172
Info (13060): One or more bidirectional pins are fed by always enabled tri-state buffers
    Info (13061): Fan-out of permanently enabled tri-state buffer feeding bidirectional pin "I2C_SDAT" is moved to its source File: /home/tulio/Documents/Codes/DE2_exemplos/DE2_115 (fir_uart_ctsrts)/DE2_115.vhd Line: 86
Info (13000): Registers with preset signals will power-up high File: /home/tulio/Documents/Codes/DE2_exemplos/DE2_115 (fir_uart_ctsrts)/I2C_Controller.vhd Line: 31
Info (13003): DEV_CLRn pin will set, and not reset, register with preset signal due to NOT Gate Push-Back
Warning (13004): Presettable and clearable registers converted to equivalent circuits with latches. Registers power-up to an undefined state, and DEVCLRn places the registers in an undefined state.
    Warning (13310): Register "audio_codec_controller:AUDIO_CODEC_INST|I2C_Controller:i2cController|SD[2]" is converted into an equivalent circuit using register "audio_codec_controller:AUDIO_CODEC_INST|I2C_Controller:i2cController|SD[2]~_emulated" and latch "audio_codec_controller:AUDIO_CODEC_INST|I2C_Controller:i2cController|SD[2]~1" File: /home/tulio/Documents/Codes/DE2_exemplos/DE2_115 (fir_uart_ctsrts)/I2C_Controller.vhd Line: 85
    Warning (13310): Register "audio_codec_controller:AUDIO_CODEC_INST|I2C_Controller:i2cController|SD[3]" is converted into an equivalent circuit using register "audio_codec_controller:AUDIO_CODEC_INST|I2C_Controller:i2cController|SD[3]~_emulated" and latch "audio_codec_controller:AUDIO_CODEC_INST|I2C_Controller:i2cController|SD[3]~5" File: /home/tulio/Documents/Codes/DE2_exemplos/DE2_115 (fir_uart_ctsrts)/I2C_Controller.vhd Line: 85
    Warning (13310): Register "audio_codec_controller:AUDIO_CODEC_INST|I2C_Controller:i2cController|SD[4]" is converted into an equivalent circuit using register "audio_codec_controller:AUDIO_CODEC_INST|I2C_Controller:i2cController|SD[4]~_emulated" and latch "audio_codec_controller:AUDIO_CODEC_INST|I2C_Controller:i2cController|SD[4]~9" File: /home/tulio/Documents/Codes/DE2_exemplos/DE2_115 (fir_uart_ctsrts)/I2C_Controller.vhd Line: 85
    Warning (13310): Register "audio_codec_controller:AUDIO_CODEC_INST|I2C_Controller:i2cController|SD[1]" is converted into an equivalent circuit using register "audio_codec_controller:AUDIO_CODEC_INST|I2C_Controller:i2cController|SD[1]~_emulated" and latch "audio_codec_controller:AUDIO_CODEC_INST|I2C_Controller:i2cController|SD[1]~13" File: /home/tulio/Documents/Codes/DE2_exemplos/DE2_115 (fir_uart_ctsrts)/I2C_Controller.vhd Line: 85
    Warning (13310): Register "audio_codec_controller:AUDIO_CODEC_INST|I2C_Controller:i2cController|SD[5]" is converted into an equivalent circuit using register "audio_codec_controller:AUDIO_CODEC_INST|I2C_Controller:i2cController|SD[5]~_emulated" and latch "audio_codec_controller:AUDIO_CODEC_INST|I2C_Controller:i2cController|SD[5]~17" File: /home/tulio/Documents/Codes/DE2_exemplos/DE2_115 (fir_uart_ctsrts)/I2C_Controller.vhd Line: 85
    Warning (13310): Register "audio_codec_controller:AUDIO_CODEC_INST|I2C_Controller:i2cController|SD[6]" is converted into an equivalent circuit using register "audio_codec_controller:AUDIO_CODEC_INST|I2C_Controller:i2cController|SD[6]~_emulated" and latch "audio_codec_controller:AUDIO_CODEC_INST|I2C_Controller:i2cController|SD[6]~21" File: /home/tulio/Documents/Codes/DE2_exemplos/DE2_115 (fir_uart_ctsrts)/I2C_Controller.vhd Line: 85
    Warning (13310): Register "audio_codec_controller:AUDIO_CODEC_INST|I2C_Controller:i2cController|SD[10]" is converted into an equivalent circuit using register "audio_codec_controller:AUDIO_CODEC_INST|I2C_Controller:i2cController|SD[10]~_emulated" and latch "audio_codec_controller:AUDIO_CODEC_INST|I2C_Controller:i2cController|SD[10]~25" File: /home/tulio/Documents/Codes/DE2_exemplos/DE2_115 (fir_uart_ctsrts)/I2C_Controller.vhd Line: 85
    Warning (13310): Register "audio_codec_controller:AUDIO_CODEC_INST|I2C_Controller:i2cController|SD[9]" is converted into an equivalent circuit using register "audio_codec_controller:AUDIO_CODEC_INST|I2C_Controller:i2cController|SD[9]~_emulated" and latch "audio_codec_controller:AUDIO_CODEC_INST|I2C_Controller:i2cController|SD[9]~29" File: /home/tulio/Documents/Codes/DE2_exemplos/DE2_115 (fir_uart_ctsrts)/I2C_Controller.vhd Line: 85
    Warning (13310): Register "audio_codec_controller:AUDIO_CODEC_INST|I2C_Controller:i2cController|SD[11]" is converted into an equivalent circuit using register "audio_codec_controller:AUDIO_CODEC_INST|I2C_Controller:i2cController|SD[11]~_emulated" and latch "audio_codec_controller:AUDIO_CODEC_INST|I2C_Controller:i2cController|SD[11]~33" File: /home/tulio/Documents/Codes/DE2_exemplos/DE2_115 (fir_uart_ctsrts)/I2C_Controller.vhd Line: 85
    Warning (13310): Register "audio_codec_controller:AUDIO_CODEC_INST|I2C_Controller:i2cController|SD[13]" is converted into an equivalent circuit using register "audio_codec_controller:AUDIO_CODEC_INST|I2C_Controller:i2cController|SD[13]~_emulated" and latch "audio_codec_controller:AUDIO_CODEC_INST|I2C_Controller:i2cController|SD[13]~37" File: /home/tulio/Documents/Codes/DE2_exemplos/DE2_115 (fir_uart_ctsrts)/I2C_Controller.vhd Line: 85
    Warning (13310): Register "audio_codec_controller:AUDIO_CODEC_INST|I2C_Controller:i2cController|SD[0]" is converted into an equivalent circuit using register "audio_codec_controller:AUDIO_CODEC_INST|I2C_Controller:i2cController|SD[0]~_emulated" and latch "audio_codec_controller:AUDIO_CODEC_INST|I2C_Controller:i2cController|SD[0]~41" File: /home/tulio/Documents/Codes/DE2_exemplos/DE2_115 (fir_uart_ctsrts)/I2C_Controller.vhd Line: 85
    Warning (13310): Register "audio_codec_controller:AUDIO_CODEC_INST|I2C_Controller:i2cController|SD[12]" is converted into an equivalent circuit using register "audio_codec_controller:AUDIO_CODEC_INST|I2C_Controller:i2cController|SD[12]~_emulated" and latch "audio_codec_controller:AUDIO_CODEC_INST|I2C_Controller:i2cController|SD[12]~45" File: /home/tulio/Documents/Codes/DE2_exemplos/DE2_115 (fir_uart_ctsrts)/I2C_Controller.vhd Line: 85
Warning (13009): TRI or OPNDRN buffers permanently enabled
    Warning (13010): Node "LCD_DATA[0]~synth" File: /home/tulio/Documents/Codes/DE2_exemplos/DE2_115 (fir_uart_ctsrts)/DE2_115.vhd Line: 41
    Warning (13010): Node "LCD_DATA[1]~synth" File: /home/tulio/Documents/Codes/DE2_exemplos/DE2_115 (fir_uart_ctsrts)/DE2_115.vhd Line: 41
    Warning (13010): Node "LCD_DATA[2]~synth" File: /home/tulio/Documents/Codes/DE2_exemplos/DE2_115 (fir_uart_ctsrts)/DE2_115.vhd Line: 41
    Warning (13010): Node "LCD_DATA[3]~synth" File: /home/tulio/Documents/Codes/DE2_exemplos/DE2_115 (fir_uart_ctsrts)/DE2_115.vhd Line: 41
    Warning (13010): Node "LCD_DATA[4]~synth" File: /home/tulio/Documents/Codes/DE2_exemplos/DE2_115 (fir_uart_ctsrts)/DE2_115.vhd Line: 41
    Warning (13010): Node "LCD_DATA[5]~synth" File: /home/tulio/Documents/Codes/DE2_exemplos/DE2_115 (fir_uart_ctsrts)/DE2_115.vhd Line: 41
    Warning (13010): Node "LCD_DATA[6]~synth" File: /home/tulio/Documents/Codes/DE2_exemplos/DE2_115 (fir_uart_ctsrts)/DE2_115.vhd Line: 41
    Warning (13010): Node "LCD_DATA[7]~synth" File: /home/tulio/Documents/Codes/DE2_exemplos/DE2_115 (fir_uart_ctsrts)/DE2_115.vhd Line: 41
    Warning (13010): Node "AUD_ADCLRCK~synth" File: /home/tulio/Documents/Codes/DE2_exemplos/DE2_115 (fir_uart_ctsrts)/DE2_115.vhd Line: 74
    Warning (13010): Node "AUD_BCLK~synth" File: /home/tulio/Documents/Codes/DE2_exemplos/DE2_115 (fir_uart_ctsrts)/DE2_115.vhd Line: 75
    Warning (13010): Node "AUD_DACLRCK~synth" File: /home/tulio/Documents/Codes/DE2_exemplos/DE2_115 (fir_uart_ctsrts)/DE2_115.vhd Line: 77
    Warning (13010): Node "I2C_SDAT~synth" File: /home/tulio/Documents/Codes/DE2_exemplos/DE2_115 (fir_uart_ctsrts)/DE2_115.vhd Line: 86
Warning (13024): Output pins are stuck at VCC or GND
    Warning (13410): Pin "SMA_CLKOUT" is stuck at GND File: /home/tulio/Documents/Codes/DE2_exemplos/DE2_115 (fir_uart_ctsrts)/DE2_115.vhd Line: 19
    Warning (13410): Pin "LEDG[0]" is stuck at GND File: /home/tulio/Documents/Codes/DE2_exemplos/DE2_115 (fir_uart_ctsrts)/DE2_115.vhd Line: 21
    Warning (13410): Pin "LEDG[1]" is stuck at GND File: /home/tulio/Documents/Codes/DE2_exemplos/DE2_115 (fir_uart_ctsrts)/DE2_115.vhd Line: 21
    Warning (13410): Pin "LEDG[2]" is stuck at GND File: /home/tulio/Documents/Codes/DE2_exemplos/DE2_115 (fir_uart_ctsrts)/DE2_115.vhd Line: 21
    Warning (13410): Pin "LEDG[3]" is stuck at GND File: /home/tulio/Documents/Codes/DE2_exemplos/DE2_115 (fir_uart_ctsrts)/DE2_115.vhd Line: 21
    Warning (13410): Pin "LEDG[4]" is stuck at GND File: /home/tulio/Documents/Codes/DE2_exemplos/DE2_115 (fir_uart_ctsrts)/DE2_115.vhd Line: 21
    Warning (13410): Pin "LEDG[5]" is stuck at GND File: /home/tulio/Documents/Codes/DE2_exemplos/DE2_115 (fir_uart_ctsrts)/DE2_115.vhd Line: 21
    Warning (13410): Pin "LEDG[6]" is stuck at GND File: /home/tulio/Documents/Codes/DE2_exemplos/DE2_115 (fir_uart_ctsrts)/DE2_115.vhd Line: 21
    Warning (13410): Pin "LEDG[7]" is stuck at GND File: /home/tulio/Documents/Codes/DE2_exemplos/DE2_115 (fir_uart_ctsrts)/DE2_115.vhd Line: 21
    Warning (13410): Pin "LEDG[8]" is stuck at GND File: /home/tulio/Documents/Codes/DE2_exemplos/DE2_115 (fir_uart_ctsrts)/DE2_115.vhd Line: 21
    Warning (13410): Pin "HEX0[0]" is stuck at GND File: /home/tulio/Documents/Codes/DE2_exemplos/DE2_115 (fir_uart_ctsrts)/DE2_115.vhd Line: 31
    Warning (13410): Pin "HEX0[1]" is stuck at GND File: /home/tulio/Documents/Codes/DE2_exemplos/DE2_115 (fir_uart_ctsrts)/DE2_115.vhd Line: 31
    Warning (13410): Pin "HEX0[2]" is stuck at GND File: /home/tulio/Documents/Codes/DE2_exemplos/DE2_115 (fir_uart_ctsrts)/DE2_115.vhd Line: 31
    Warning (13410): Pin "HEX0[3]" is stuck at GND File: /home/tulio/Documents/Codes/DE2_exemplos/DE2_115 (fir_uart_ctsrts)/DE2_115.vhd Line: 31
    Warning (13410): Pin "HEX0[4]" is stuck at GND File: /home/tulio/Documents/Codes/DE2_exemplos/DE2_115 (fir_uart_ctsrts)/DE2_115.vhd Line: 31
    Warning (13410): Pin "HEX0[5]" is stuck at GND File: /home/tulio/Documents/Codes/DE2_exemplos/DE2_115 (fir_uart_ctsrts)/DE2_115.vhd Line: 31
    Warning (13410): Pin "HEX0[6]" is stuck at VCC File: /home/tulio/Documents/Codes/DE2_exemplos/DE2_115 (fir_uart_ctsrts)/DE2_115.vhd Line: 31
    Warning (13410): Pin "HEX1[0]" is stuck at GND File: /home/tulio/Documents/Codes/DE2_exemplos/DE2_115 (fir_uart_ctsrts)/DE2_115.vhd Line: 32
    Warning (13410): Pin "HEX1[1]" is stuck at GND File: /home/tulio/Documents/Codes/DE2_exemplos/DE2_115 (fir_uart_ctsrts)/DE2_115.vhd Line: 32
    Warning (13410): Pin "HEX1[2]" is stuck at GND File: /home/tulio/Documents/Codes/DE2_exemplos/DE2_115 (fir_uart_ctsrts)/DE2_115.vhd Line: 32
    Warning (13410): Pin "HEX1[3]" is stuck at GND File: /home/tulio/Documents/Codes/DE2_exemplos/DE2_115 (fir_uart_ctsrts)/DE2_115.vhd Line: 32
    Warning (13410): Pin "HEX1[4]" is stuck at GND File: /home/tulio/Documents/Codes/DE2_exemplos/DE2_115 (fir_uart_ctsrts)/DE2_115.vhd Line: 32
    Warning (13410): Pin "HEX1[5]" is stuck at GND File: /home/tulio/Documents/Codes/DE2_exemplos/DE2_115 (fir_uart_ctsrts)/DE2_115.vhd Line: 32
    Warning (13410): Pin "HEX1[6]" is stuck at VCC File: /home/tulio/Documents/Codes/DE2_exemplos/DE2_115 (fir_uart_ctsrts)/DE2_115.vhd Line: 32
    Warning (13410): Pin "HEX2[0]" is stuck at GND File: /home/tulio/Documents/Codes/DE2_exemplos/DE2_115 (fir_uart_ctsrts)/DE2_115.vhd Line: 33
    Warning (13410): Pin "HEX2[1]" is stuck at GND File: /home/tulio/Documents/Codes/DE2_exemplos/DE2_115 (fir_uart_ctsrts)/DE2_115.vhd Line: 33
    Warning (13410): Pin "HEX2[2]" is stuck at GND File: /home/tulio/Documents/Codes/DE2_exemplos/DE2_115 (fir_uart_ctsrts)/DE2_115.vhd Line: 33
    Warning (13410): Pin "HEX2[3]" is stuck at GND File: /home/tulio/Documents/Codes/DE2_exemplos/DE2_115 (fir_uart_ctsrts)/DE2_115.vhd Line: 33
    Warning (13410): Pin "HEX2[4]" is stuck at GND File: /home/tulio/Documents/Codes/DE2_exemplos/DE2_115 (fir_uart_ctsrts)/DE2_115.vhd Line: 33
    Warning (13410): Pin "HEX2[5]" is stuck at GND File: /home/tulio/Documents/Codes/DE2_exemplos/DE2_115 (fir_uart_ctsrts)/DE2_115.vhd Line: 33
    Warning (13410): Pin "HEX2[6]" is stuck at VCC File: /home/tulio/Documents/Codes/DE2_exemplos/DE2_115 (fir_uart_ctsrts)/DE2_115.vhd Line: 33
    Warning (13410): Pin "HEX3[0]" is stuck at GND File: /home/tulio/Documents/Codes/DE2_exemplos/DE2_115 (fir_uart_ctsrts)/DE2_115.vhd Line: 34
    Warning (13410): Pin "HEX3[1]" is stuck at GND File: /home/tulio/Documents/Codes/DE2_exemplos/DE2_115 (fir_uart_ctsrts)/DE2_115.vhd Line: 34
    Warning (13410): Pin "HEX3[2]" is stuck at GND File: /home/tulio/Documents/Codes/DE2_exemplos/DE2_115 (fir_uart_ctsrts)/DE2_115.vhd Line: 34
    Warning (13410): Pin "HEX3[3]" is stuck at GND File: /home/tulio/Documents/Codes/DE2_exemplos/DE2_115 (fir_uart_ctsrts)/DE2_115.vhd Line: 34
    Warning (13410): Pin "HEX3[4]" is stuck at GND File: /home/tulio/Documents/Codes/DE2_exemplos/DE2_115 (fir_uart_ctsrts)/DE2_115.vhd Line: 34
    Warning (13410): Pin "HEX3[5]" is stuck at GND File: /home/tulio/Documents/Codes/DE2_exemplos/DE2_115 (fir_uart_ctsrts)/DE2_115.vhd Line: 34
    Warning (13410): Pin "HEX3[6]" is stuck at VCC File: /home/tulio/Documents/Codes/DE2_exemplos/DE2_115 (fir_uart_ctsrts)/DE2_115.vhd Line: 34
    Warning (13410): Pin "HEX4[0]" is stuck at GND File: /home/tulio/Documents/Codes/DE2_exemplos/DE2_115 (fir_uart_ctsrts)/DE2_115.vhd Line: 35
    Warning (13410): Pin "HEX4[1]" is stuck at GND File: /home/tulio/Documents/Codes/DE2_exemplos/DE2_115 (fir_uart_ctsrts)/DE2_115.vhd Line: 35
    Warning (13410): Pin "HEX4[2]" is stuck at GND File: /home/tulio/Documents/Codes/DE2_exemplos/DE2_115 (fir_uart_ctsrts)/DE2_115.vhd Line: 35
    Warning (13410): Pin "HEX4[3]" is stuck at GND File: /home/tulio/Documents/Codes/DE2_exemplos/DE2_115 (fir_uart_ctsrts)/DE2_115.vhd Line: 35
    Warning (13410): Pin "HEX4[4]" is stuck at GND File: /home/tulio/Documents/Codes/DE2_exemplos/DE2_115 (fir_uart_ctsrts)/DE2_115.vhd Line: 35
    Warning (13410): Pin "HEX4[5]" is stuck at GND File: /home/tulio/Documents/Codes/DE2_exemplos/DE2_115 (fir_uart_ctsrts)/DE2_115.vhd Line: 35
    Warning (13410): Pin "HEX4[6]" is stuck at VCC File: /home/tulio/Documents/Codes/DE2_exemplos/DE2_115 (fir_uart_ctsrts)/DE2_115.vhd Line: 35
    Warning (13410): Pin "HEX5[0]" is stuck at GND File: /home/tulio/Documents/Codes/DE2_exemplos/DE2_115 (fir_uart_ctsrts)/DE2_115.vhd Line: 36
    Warning (13410): Pin "HEX5[1]" is stuck at GND File: /home/tulio/Documents/Codes/DE2_exemplos/DE2_115 (fir_uart_ctsrts)/DE2_115.vhd Line: 36
    Warning (13410): Pin "HEX5[2]" is stuck at GND File: /home/tulio/Documents/Codes/DE2_exemplos/DE2_115 (fir_uart_ctsrts)/DE2_115.vhd Line: 36
    Warning (13410): Pin "HEX5[3]" is stuck at GND File: /home/tulio/Documents/Codes/DE2_exemplos/DE2_115 (fir_uart_ctsrts)/DE2_115.vhd Line: 36
    Warning (13410): Pin "HEX5[4]" is stuck at GND File: /home/tulio/Documents/Codes/DE2_exemplos/DE2_115 (fir_uart_ctsrts)/DE2_115.vhd Line: 36
    Warning (13410): Pin "HEX5[5]" is stuck at GND File: /home/tulio/Documents/Codes/DE2_exemplos/DE2_115 (fir_uart_ctsrts)/DE2_115.vhd Line: 36
    Warning (13410): Pin "HEX5[6]" is stuck at VCC File: /home/tulio/Documents/Codes/DE2_exemplos/DE2_115 (fir_uart_ctsrts)/DE2_115.vhd Line: 36
    Warning (13410): Pin "HEX6[0]" is stuck at GND File: /home/tulio/Documents/Codes/DE2_exemplos/DE2_115 (fir_uart_ctsrts)/DE2_115.vhd Line: 37
    Warning (13410): Pin "HEX6[1]" is stuck at GND File: /home/tulio/Documents/Codes/DE2_exemplos/DE2_115 (fir_uart_ctsrts)/DE2_115.vhd Line: 37
    Warning (13410): Pin "HEX6[2]" is stuck at GND File: /home/tulio/Documents/Codes/DE2_exemplos/DE2_115 (fir_uart_ctsrts)/DE2_115.vhd Line: 37
    Warning (13410): Pin "HEX6[3]" is stuck at GND File: /home/tulio/Documents/Codes/DE2_exemplos/DE2_115 (fir_uart_ctsrts)/DE2_115.vhd Line: 37
    Warning (13410): Pin "HEX6[4]" is stuck at GND File: /home/tulio/Documents/Codes/DE2_exemplos/DE2_115 (fir_uart_ctsrts)/DE2_115.vhd Line: 37
    Warning (13410): Pin "HEX6[5]" is stuck at GND File: /home/tulio/Documents/Codes/DE2_exemplos/DE2_115 (fir_uart_ctsrts)/DE2_115.vhd Line: 37
    Warning (13410): Pin "HEX6[6]" is stuck at VCC File: /home/tulio/Documents/Codes/DE2_exemplos/DE2_115 (fir_uart_ctsrts)/DE2_115.vhd Line: 37
    Warning (13410): Pin "HEX7[0]" is stuck at GND File: /home/tulio/Documents/Codes/DE2_exemplos/DE2_115 (fir_uart_ctsrts)/DE2_115.vhd Line: 38
    Warning (13410): Pin "HEX7[1]" is stuck at GND File: /home/tulio/Documents/Codes/DE2_exemplos/DE2_115 (fir_uart_ctsrts)/DE2_115.vhd Line: 38
    Warning (13410): Pin "HEX7[2]" is stuck at GND File: /home/tulio/Documents/Codes/DE2_exemplos/DE2_115 (fir_uart_ctsrts)/DE2_115.vhd Line: 38
    Warning (13410): Pin "HEX7[3]" is stuck at GND File: /home/tulio/Documents/Codes/DE2_exemplos/DE2_115 (fir_uart_ctsrts)/DE2_115.vhd Line: 38
    Warning (13410): Pin "HEX7[4]" is stuck at GND File: /home/tulio/Documents/Codes/DE2_exemplos/DE2_115 (fir_uart_ctsrts)/DE2_115.vhd Line: 38
    Warning (13410): Pin "HEX7[5]" is stuck at GND File: /home/tulio/Documents/Codes/DE2_exemplos/DE2_115 (fir_uart_ctsrts)/DE2_115.vhd Line: 38
    Warning (13410): Pin "HEX7[6]" is stuck at VCC File: /home/tulio/Documents/Codes/DE2_exemplos/DE2_115 (fir_uart_ctsrts)/DE2_115.vhd Line: 38
    Warning (13410): Pin "LCD_BLON" is stuck at GND File: /home/tulio/Documents/Codes/DE2_exemplos/DE2_115 (fir_uart_ctsrts)/DE2_115.vhd Line: 40
    Warning (13410): Pin "LCD_ON" is stuck at VCC File: /home/tulio/Documents/Codes/DE2_exemplos/DE2_115 (fir_uart_ctsrts)/DE2_115.vhd Line: 43
    Warning (13410): Pin "LCD_RW" is stuck at GND File: /home/tulio/Documents/Codes/DE2_exemplos/DE2_115 (fir_uart_ctsrts)/DE2_115.vhd Line: 45
    Warning (13410): Pin "SD_CLK" is stuck at GND File: /home/tulio/Documents/Codes/DE2_exemplos/DE2_115 (fir_uart_ctsrts)/DE2_115.vhd Line: 58
    Warning (13410): Pin "VGA_B[0]" is stuck at GND File: /home/tulio/Documents/Codes/DE2_exemplos/DE2_115 (fir_uart_ctsrts)/DE2_115.vhd Line: 63
    Warning (13410): Pin "VGA_B[1]" is stuck at GND File: /home/tulio/Documents/Codes/DE2_exemplos/DE2_115 (fir_uart_ctsrts)/DE2_115.vhd Line: 63
    Warning (13410): Pin "VGA_B[2]" is stuck at GND File: /home/tulio/Documents/Codes/DE2_exemplos/DE2_115 (fir_uart_ctsrts)/DE2_115.vhd Line: 63
    Warning (13410): Pin "VGA_B[3]" is stuck at GND File: /home/tulio/Documents/Codes/DE2_exemplos/DE2_115 (fir_uart_ctsrts)/DE2_115.vhd Line: 63
    Warning (13410): Pin "VGA_B[4]" is stuck at GND File: /home/tulio/Documents/Codes/DE2_exemplos/DE2_115 (fir_uart_ctsrts)/DE2_115.vhd Line: 63
    Warning (13410): Pin "VGA_B[5]" is stuck at GND File: /home/tulio/Documents/Codes/DE2_exemplos/DE2_115 (fir_uart_ctsrts)/DE2_115.vhd Line: 63
    Warning (13410): Pin "VGA_B[6]" is stuck at GND File: /home/tulio/Documents/Codes/DE2_exemplos/DE2_115 (fir_uart_ctsrts)/DE2_115.vhd Line: 63
    Warning (13410): Pin "VGA_B[7]" is stuck at GND File: /home/tulio/Documents/Codes/DE2_exemplos/DE2_115 (fir_uart_ctsrts)/DE2_115.vhd Line: 63
    Warning (13410): Pin "VGA_BLANK_N" is stuck at GND File: /home/tulio/Documents/Codes/DE2_exemplos/DE2_115 (fir_uart_ctsrts)/DE2_115.vhd Line: 64
    Warning (13410): Pin "VGA_CLK" is stuck at GND File: /home/tulio/Documents/Codes/DE2_exemplos/DE2_115 (fir_uart_ctsrts)/DE2_115.vhd Line: 65
    Warning (13410): Pin "VGA_G[0]" is stuck at GND File: /home/tulio/Documents/Codes/DE2_exemplos/DE2_115 (fir_uart_ctsrts)/DE2_115.vhd Line: 66
    Warning (13410): Pin "VGA_G[1]" is stuck at GND File: /home/tulio/Documents/Codes/DE2_exemplos/DE2_115 (fir_uart_ctsrts)/DE2_115.vhd Line: 66
    Warning (13410): Pin "VGA_G[2]" is stuck at GND File: /home/tulio/Documents/Codes/DE2_exemplos/DE2_115 (fir_uart_ctsrts)/DE2_115.vhd Line: 66
    Warning (13410): Pin "VGA_G[3]" is stuck at GND File: /home/tulio/Documents/Codes/DE2_exemplos/DE2_115 (fir_uart_ctsrts)/DE2_115.vhd Line: 66
    Warning (13410): Pin "VGA_G[4]" is stuck at GND File: /home/tulio/Documents/Codes/DE2_exemplos/DE2_115 (fir_uart_ctsrts)/DE2_115.vhd Line: 66
    Warning (13410): Pin "VGA_G[5]" is stuck at GND File: /home/tulio/Documents/Codes/DE2_exemplos/DE2_115 (fir_uart_ctsrts)/DE2_115.vhd Line: 66
    Warning (13410): Pin "VGA_G[6]" is stuck at GND File: /home/tulio/Documents/Codes/DE2_exemplos/DE2_115 (fir_uart_ctsrts)/DE2_115.vhd Line: 66
    Warning (13410): Pin "VGA_G[7]" is stuck at GND File: /home/tulio/Documents/Codes/DE2_exemplos/DE2_115 (fir_uart_ctsrts)/DE2_115.vhd Line: 66
    Warning (13410): Pin "VGA_HS" is stuck at GND File: /home/tulio/Documents/Codes/DE2_exemplos/DE2_115 (fir_uart_ctsrts)/DE2_115.vhd Line: 67
    Warning (13410): Pin "VGA_R[0]" is stuck at GND File: /home/tulio/Documents/Codes/DE2_exemplos/DE2_115 (fir_uart_ctsrts)/DE2_115.vhd Line: 68
    Warning (13410): Pin "VGA_R[1]" is stuck at GND File: /home/tulio/Documents/Codes/DE2_exemplos/DE2_115 (fir_uart_ctsrts)/DE2_115.vhd Line: 68
    Warning (13410): Pin "VGA_R[2]" is stuck at GND File: /home/tulio/Documents/Codes/DE2_exemplos/DE2_115 (fir_uart_ctsrts)/DE2_115.vhd Line: 68
    Warning (13410): Pin "VGA_R[3]" is stuck at GND File: /home/tulio/Documents/Codes/DE2_exemplos/DE2_115 (fir_uart_ctsrts)/DE2_115.vhd Line: 68
    Warning (13410): Pin "VGA_R[4]" is stuck at GND File: /home/tulio/Documents/Codes/DE2_exemplos/DE2_115 (fir_uart_ctsrts)/DE2_115.vhd Line: 68
    Warning (13410): Pin "VGA_R[5]" is stuck at GND File: /home/tulio/Documents/Codes/DE2_exemplos/DE2_115 (fir_uart_ctsrts)/DE2_115.vhd Line: 68
    Warning (13410): Pin "VGA_R[6]" is stuck at GND File: /home/tulio/Documents/Codes/DE2_exemplos/DE2_115 (fir_uart_ctsrts)/DE2_115.vhd Line: 68
    Warning (13410): Pin "VGA_R[7]" is stuck at GND File: /home/tulio/Documents/Codes/DE2_exemplos/DE2_115 (fir_uart_ctsrts)/DE2_115.vhd Line: 68
    Warning (13410): Pin "VGA_SYNC_N" is stuck at GND File: /home/tulio/Documents/Codes/DE2_exemplos/DE2_115 (fir_uart_ctsrts)/DE2_115.vhd Line: 69
    Warning (13410): Pin "VGA_VS" is stuck at GND File: /home/tulio/Documents/Codes/DE2_exemplos/DE2_115 (fir_uart_ctsrts)/DE2_115.vhd Line: 70
    Warning (13410): Pin "EEP_I2C_SCLK" is stuck at GND File: /home/tulio/Documents/Codes/DE2_exemplos/DE2_115 (fir_uart_ctsrts)/DE2_115.vhd Line: 81
    Warning (13410): Pin "ENET0_GTX_CLK" is stuck at GND File: /home/tulio/Documents/Codes/DE2_exemplos/DE2_115 (fir_uart_ctsrts)/DE2_115.vhd Line: 89
    Warning (13410): Pin "ENET0_MDC" is stuck at GND File: /home/tulio/Documents/Codes/DE2_exemplos/DE2_115 (fir_uart_ctsrts)/DE2_115.vhd Line: 92
    Warning (13410): Pin "ENET0_RST_N" is stuck at GND File: /home/tulio/Documents/Codes/DE2_exemplos/DE2_115 (fir_uart_ctsrts)/DE2_115.vhd Line: 94
    Warning (13410): Pin "ENET0_TX_DATA[0]" is stuck at GND File: /home/tulio/Documents/Codes/DE2_exemplos/DE2_115 (fir_uart_ctsrts)/DE2_115.vhd Line: 102
    Warning (13410): Pin "ENET0_TX_DATA[1]" is stuck at GND File: /home/tulio/Documents/Codes/DE2_exemplos/DE2_115 (fir_uart_ctsrts)/DE2_115.vhd Line: 102
    Warning (13410): Pin "ENET0_TX_DATA[2]" is stuck at GND File: /home/tulio/Documents/Codes/DE2_exemplos/DE2_115 (fir_uart_ctsrts)/DE2_115.vhd Line: 102
    Warning (13410): Pin "ENET0_TX_DATA[3]" is stuck at GND File: /home/tulio/Documents/Codes/DE2_exemplos/DE2_115 (fir_uart_ctsrts)/DE2_115.vhd Line: 102
    Warning (13410): Pin "ENET0_TX_EN" is stuck at GND File: /home/tulio/Documents/Codes/DE2_exemplos/DE2_115 (fir_uart_ctsrts)/DE2_115.vhd Line: 103
    Warning (13410): Pin "ENET0_TX_ER" is stuck at GND File: /home/tulio/Documents/Codes/DE2_exemplos/DE2_115 (fir_uart_ctsrts)/DE2_115.vhd Line: 104
    Warning (13410): Pin "ENET1_GTX_CLK" is stuck at GND File: /home/tulio/Documents/Codes/DE2_exemplos/DE2_115 (fir_uart_ctsrts)/DE2_115.vhd Line: 108
    Warning (13410): Pin "ENET1_MDC" is stuck at GND File: /home/tulio/Documents/Codes/DE2_exemplos/DE2_115 (fir_uart_ctsrts)/DE2_115.vhd Line: 111
    Warning (13410): Pin "ENET1_RST_N" is stuck at GND File: /home/tulio/Documents/Codes/DE2_exemplos/DE2_115 (fir_uart_ctsrts)/DE2_115.vhd Line: 113
    Warning (13410): Pin "ENET1_TX_DATA[0]" is stuck at GND File: /home/tulio/Documents/Codes/DE2_exemplos/DE2_115 (fir_uart_ctsrts)/DE2_115.vhd Line: 121
    Warning (13410): Pin "ENET1_TX_DATA[1]" is stuck at GND File: /home/tulio/Documents/Codes/DE2_exemplos/DE2_115 (fir_uart_ctsrts)/DE2_115.vhd Line: 121
    Warning (13410): Pin "ENET1_TX_DATA[2]" is stuck at GND File: /home/tulio/Documents/Codes/DE2_exemplos/DE2_115 (fir_uart_ctsrts)/DE2_115.vhd Line: 121
    Warning (13410): Pin "ENET1_TX_DATA[3]" is stuck at GND File: /home/tulio/Documents/Codes/DE2_exemplos/DE2_115 (fir_uart_ctsrts)/DE2_115.vhd Line: 121
    Warning (13410): Pin "ENET1_TX_EN" is stuck at GND File: /home/tulio/Documents/Codes/DE2_exemplos/DE2_115 (fir_uart_ctsrts)/DE2_115.vhd Line: 122
    Warning (13410): Pin "ENET1_TX_ER" is stuck at GND File: /home/tulio/Documents/Codes/DE2_exemplos/DE2_115 (fir_uart_ctsrts)/DE2_115.vhd Line: 123
    Warning (13410): Pin "TD_RESET_N" is stuck at GND File: /home/tulio/Documents/Codes/DE2_exemplos/DE2_115 (fir_uart_ctsrts)/DE2_115.vhd Line: 129
    Warning (13410): Pin "OTG_ADDR[0]" is stuck at GND File: /home/tulio/Documents/Codes/DE2_exemplos/DE2_115 (fir_uart_ctsrts)/DE2_115.vhd Line: 133
    Warning (13410): Pin "OTG_ADDR[1]" is stuck at GND File: /home/tulio/Documents/Codes/DE2_exemplos/DE2_115 (fir_uart_ctsrts)/DE2_115.vhd Line: 133
    Warning (13410): Pin "OTG_CS_N" is stuck at GND File: /home/tulio/Documents/Codes/DE2_exemplos/DE2_115 (fir_uart_ctsrts)/DE2_115.vhd Line: 134
    Warning (13410): Pin "OTG_DACK_N[0]" is stuck at GND File: /home/tulio/Documents/Codes/DE2_exemplos/DE2_115 (fir_uart_ctsrts)/DE2_115.vhd Line: 135
    Warning (13410): Pin "OTG_DACK_N[1]" is stuck at GND File: /home/tulio/Documents/Codes/DE2_exemplos/DE2_115 (fir_uart_ctsrts)/DE2_115.vhd Line: 135
    Warning (13410): Pin "OTG_RD_N" is stuck at GND File: /home/tulio/Documents/Codes/DE2_exemplos/DE2_115 (fir_uart_ctsrts)/DE2_115.vhd Line: 141
    Warning (13410): Pin "OTG_RST_N" is stuck at GND File: /home/tulio/Documents/Codes/DE2_exemplos/DE2_115 (fir_uart_ctsrts)/DE2_115.vhd Line: 142
    Warning (13410): Pin "OTG_WE_N" is stuck at GND File: /home/tulio/Documents/Codes/DE2_exemplos/DE2_115 (fir_uart_ctsrts)/DE2_115.vhd Line: 143
    Warning (13410): Pin "DRAM_ADDR[0]" is stuck at GND File: /home/tulio/Documents/Codes/DE2_exemplos/DE2_115 (fir_uart_ctsrts)/DE2_115.vhd Line: 149
    Warning (13410): Pin "DRAM_ADDR[1]" is stuck at GND File: /home/tulio/Documents/Codes/DE2_exemplos/DE2_115 (fir_uart_ctsrts)/DE2_115.vhd Line: 149
    Warning (13410): Pin "DRAM_ADDR[2]" is stuck at GND File: /home/tulio/Documents/Codes/DE2_exemplos/DE2_115 (fir_uart_ctsrts)/DE2_115.vhd Line: 149
    Warning (13410): Pin "DRAM_ADDR[3]" is stuck at GND File: /home/tulio/Documents/Codes/DE2_exemplos/DE2_115 (fir_uart_ctsrts)/DE2_115.vhd Line: 149
    Warning (13410): Pin "DRAM_ADDR[4]" is stuck at GND File: /home/tulio/Documents/Codes/DE2_exemplos/DE2_115 (fir_uart_ctsrts)/DE2_115.vhd Line: 149
    Warning (13410): Pin "DRAM_ADDR[5]" is stuck at GND File: /home/tulio/Documents/Codes/DE2_exemplos/DE2_115 (fir_uart_ctsrts)/DE2_115.vhd Line: 149
    Warning (13410): Pin "DRAM_ADDR[6]" is stuck at GND File: /home/tulio/Documents/Codes/DE2_exemplos/DE2_115 (fir_uart_ctsrts)/DE2_115.vhd Line: 149
    Warning (13410): Pin "DRAM_ADDR[7]" is stuck at GND File: /home/tulio/Documents/Codes/DE2_exemplos/DE2_115 (fir_uart_ctsrts)/DE2_115.vhd Line: 149
    Warning (13410): Pin "DRAM_ADDR[8]" is stuck at GND File: /home/tulio/Documents/Codes/DE2_exemplos/DE2_115 (fir_uart_ctsrts)/DE2_115.vhd Line: 149
    Warning (13410): Pin "DRAM_ADDR[9]" is stuck at GND File: /home/tulio/Documents/Codes/DE2_exemplos/DE2_115 (fir_uart_ctsrts)/DE2_115.vhd Line: 149
    Warning (13410): Pin "DRAM_ADDR[10]" is stuck at GND File: /home/tulio/Documents/Codes/DE2_exemplos/DE2_115 (fir_uart_ctsrts)/DE2_115.vhd Line: 149
    Warning (13410): Pin "DRAM_ADDR[11]" is stuck at GND File: /home/tulio/Documents/Codes/DE2_exemplos/DE2_115 (fir_uart_ctsrts)/DE2_115.vhd Line: 149
    Warning (13410): Pin "DRAM_ADDR[12]" is stuck at GND File: /home/tulio/Documents/Codes/DE2_exemplos/DE2_115 (fir_uart_ctsrts)/DE2_115.vhd Line: 149
    Warning (13410): Pin "DRAM_BA[0]" is stuck at GND File: /home/tulio/Documents/Codes/DE2_exemplos/DE2_115 (fir_uart_ctsrts)/DE2_115.vhd Line: 150
    Warning (13410): Pin "DRAM_BA[1]" is stuck at GND File: /home/tulio/Documents/Codes/DE2_exemplos/DE2_115 (fir_uart_ctsrts)/DE2_115.vhd Line: 150
    Warning (13410): Pin "DRAM_CAS_N" is stuck at GND File: /home/tulio/Documents/Codes/DE2_exemplos/DE2_115 (fir_uart_ctsrts)/DE2_115.vhd Line: 151
    Warning (13410): Pin "DRAM_CKE" is stuck at GND File: /home/tulio/Documents/Codes/DE2_exemplos/DE2_115 (fir_uart_ctsrts)/DE2_115.vhd Line: 152
    Warning (13410): Pin "DRAM_CLK" is stuck at GND File: /home/tulio/Documents/Codes/DE2_exemplos/DE2_115 (fir_uart_ctsrts)/DE2_115.vhd Line: 153
    Warning (13410): Pin "DRAM_CS_N" is stuck at GND File: /home/tulio/Documents/Codes/DE2_exemplos/DE2_115 (fir_uart_ctsrts)/DE2_115.vhd Line: 154
    Warning (13410): Pin "DRAM_DQM[0]" is stuck at GND File: /home/tulio/Documents/Codes/DE2_exemplos/DE2_115 (fir_uart_ctsrts)/DE2_115.vhd Line: 156
    Warning (13410): Pin "DRAM_DQM[1]" is stuck at GND File: /home/tulio/Documents/Codes/DE2_exemplos/DE2_115 (fir_uart_ctsrts)/DE2_115.vhd Line: 156
    Warning (13410): Pin "DRAM_DQM[2]" is stuck at GND File: /home/tulio/Documents/Codes/DE2_exemplos/DE2_115 (fir_uart_ctsrts)/DE2_115.vhd Line: 156
    Warning (13410): Pin "DRAM_DQM[3]" is stuck at GND File: /home/tulio/Documents/Codes/DE2_exemplos/DE2_115 (fir_uart_ctsrts)/DE2_115.vhd Line: 156
    Warning (13410): Pin "DRAM_RAS_N" is stuck at GND File: /home/tulio/Documents/Codes/DE2_exemplos/DE2_115 (fir_uart_ctsrts)/DE2_115.vhd Line: 157
    Warning (13410): Pin "DRAM_WE_N" is stuck at GND File: /home/tulio/Documents/Codes/DE2_exemplos/DE2_115 (fir_uart_ctsrts)/DE2_115.vhd Line: 158
    Warning (13410): Pin "SRAM_ADDR[0]" is stuck at GND File: /home/tulio/Documents/Codes/DE2_exemplos/DE2_115 (fir_uart_ctsrts)/DE2_115.vhd Line: 161
    Warning (13410): Pin "SRAM_ADDR[1]" is stuck at GND File: /home/tulio/Documents/Codes/DE2_exemplos/DE2_115 (fir_uart_ctsrts)/DE2_115.vhd Line: 161
    Warning (13410): Pin "SRAM_ADDR[2]" is stuck at GND File: /home/tulio/Documents/Codes/DE2_exemplos/DE2_115 (fir_uart_ctsrts)/DE2_115.vhd Line: 161
    Warning (13410): Pin "SRAM_ADDR[3]" is stuck at GND File: /home/tulio/Documents/Codes/DE2_exemplos/DE2_115 (fir_uart_ctsrts)/DE2_115.vhd Line: 161
    Warning (13410): Pin "SRAM_ADDR[4]" is stuck at GND File: /home/tulio/Documents/Codes/DE2_exemplos/DE2_115 (fir_uart_ctsrts)/DE2_115.vhd Line: 161
    Warning (13410): Pin "SRAM_ADDR[5]" is stuck at GND File: /home/tulio/Documents/Codes/DE2_exemplos/DE2_115 (fir_uart_ctsrts)/DE2_115.vhd Line: 161
    Warning (13410): Pin "SRAM_ADDR[6]" is stuck at GND File: /home/tulio/Documents/Codes/DE2_exemplos/DE2_115 (fir_uart_ctsrts)/DE2_115.vhd Line: 161
    Warning (13410): Pin "SRAM_ADDR[7]" is stuck at GND File: /home/tulio/Documents/Codes/DE2_exemplos/DE2_115 (fir_uart_ctsrts)/DE2_115.vhd Line: 161
    Warning (13410): Pin "SRAM_ADDR[8]" is stuck at GND File: /home/tulio/Documents/Codes/DE2_exemplos/DE2_115 (fir_uart_ctsrts)/DE2_115.vhd Line: 161
    Warning (13410): Pin "SRAM_ADDR[9]" is stuck at GND File: /home/tulio/Documents/Codes/DE2_exemplos/DE2_115 (fir_uart_ctsrts)/DE2_115.vhd Line: 161
    Warning (13410): Pin "SRAM_ADDR[10]" is stuck at GND File: /home/tulio/Documents/Codes/DE2_exemplos/DE2_115 (fir_uart_ctsrts)/DE2_115.vhd Line: 161
    Warning (13410): Pin "SRAM_ADDR[11]" is stuck at GND File: /home/tulio/Documents/Codes/DE2_exemplos/DE2_115 (fir_uart_ctsrts)/DE2_115.vhd Line: 161
    Warning (13410): Pin "SRAM_ADDR[12]" is stuck at GND File: /home/tulio/Documents/Codes/DE2_exemplos/DE2_115 (fir_uart_ctsrts)/DE2_115.vhd Line: 161
    Warning (13410): Pin "SRAM_ADDR[13]" is stuck at GND File: /home/tulio/Documents/Codes/DE2_exemplos/DE2_115 (fir_uart_ctsrts)/DE2_115.vhd Line: 161
    Warning (13410): Pin "SRAM_ADDR[14]" is stuck at GND File: /home/tulio/Documents/Codes/DE2_exemplos/DE2_115 (fir_uart_ctsrts)/DE2_115.vhd Line: 161
    Warning (13410): Pin "SRAM_ADDR[15]" is stuck at GND File: /home/tulio/Documents/Codes/DE2_exemplos/DE2_115 (fir_uart_ctsrts)/DE2_115.vhd Line: 161
    Warning (13410): Pin "SRAM_ADDR[16]" is stuck at GND File: /home/tulio/Documents/Codes/DE2_exemplos/DE2_115 (fir_uart_ctsrts)/DE2_115.vhd Line: 161
    Warning (13410): Pin "SRAM_ADDR[17]" is stuck at GND File: /home/tulio/Documents/Codes/DE2_exemplos/DE2_115 (fir_uart_ctsrts)/DE2_115.vhd Line: 161
    Warning (13410): Pin "SRAM_ADDR[18]" is stuck at GND File: /home/tulio/Documents/Codes/DE2_exemplos/DE2_115 (fir_uart_ctsrts)/DE2_115.vhd Line: 161
    Warning (13410): Pin "SRAM_ADDR[19]" is stuck at GND File: /home/tulio/Documents/Codes/DE2_exemplos/DE2_115 (fir_uart_ctsrts)/DE2_115.vhd Line: 161
    Warning (13410): Pin "SRAM_CE_N" is stuck at GND File: /home/tulio/Documents/Codes/DE2_exemplos/DE2_115 (fir_uart_ctsrts)/DE2_115.vhd Line: 162
    Warning (13410): Pin "SRAM_LB_N" is stuck at GND File: /home/tulio/Documents/Codes/DE2_exemplos/DE2_115 (fir_uart_ctsrts)/DE2_115.vhd Line: 164
    Warning (13410): Pin "SRAM_OE_N" is stuck at GND File: /home/tulio/Documents/Codes/DE2_exemplos/DE2_115 (fir_uart_ctsrts)/DE2_115.vhd Line: 165
    Warning (13410): Pin "SRAM_UB_N" is stuck at GND File: /home/tulio/Documents/Codes/DE2_exemplos/DE2_115 (fir_uart_ctsrts)/DE2_115.vhd Line: 166
    Warning (13410): Pin "SRAM_WE_N" is stuck at GND File: /home/tulio/Documents/Codes/DE2_exemplos/DE2_115 (fir_uart_ctsrts)/DE2_115.vhd Line: 167
    Warning (13410): Pin "FL_ADDR[0]" is stuck at GND File: /home/tulio/Documents/Codes/DE2_exemplos/DE2_115 (fir_uart_ctsrts)/DE2_115.vhd Line: 170
    Warning (13410): Pin "FL_ADDR[1]" is stuck at GND File: /home/tulio/Documents/Codes/DE2_exemplos/DE2_115 (fir_uart_ctsrts)/DE2_115.vhd Line: 170
    Warning (13410): Pin "FL_ADDR[2]" is stuck at GND File: /home/tulio/Documents/Codes/DE2_exemplos/DE2_115 (fir_uart_ctsrts)/DE2_115.vhd Line: 170
    Warning (13410): Pin "FL_ADDR[3]" is stuck at GND File: /home/tulio/Documents/Codes/DE2_exemplos/DE2_115 (fir_uart_ctsrts)/DE2_115.vhd Line: 170
    Warning (13410): Pin "FL_ADDR[4]" is stuck at GND File: /home/tulio/Documents/Codes/DE2_exemplos/DE2_115 (fir_uart_ctsrts)/DE2_115.vhd Line: 170
    Warning (13410): Pin "FL_ADDR[5]" is stuck at GND File: /home/tulio/Documents/Codes/DE2_exemplos/DE2_115 (fir_uart_ctsrts)/DE2_115.vhd Line: 170
    Warning (13410): Pin "FL_ADDR[6]" is stuck at GND File: /home/tulio/Documents/Codes/DE2_exemplos/DE2_115 (fir_uart_ctsrts)/DE2_115.vhd Line: 170
    Warning (13410): Pin "FL_ADDR[7]" is stuck at GND File: /home/tulio/Documents/Codes/DE2_exemplos/DE2_115 (fir_uart_ctsrts)/DE2_115.vhd Line: 170
    Warning (13410): Pin "FL_ADDR[8]" is stuck at GND File: /home/tulio/Documents/Codes/DE2_exemplos/DE2_115 (fir_uart_ctsrts)/DE2_115.vhd Line: 170
    Warning (13410): Pin "FL_ADDR[9]" is stuck at GND File: /home/tulio/Documents/Codes/DE2_exemplos/DE2_115 (fir_uart_ctsrts)/DE2_115.vhd Line: 170
    Warning (13410): Pin "FL_ADDR[10]" is stuck at GND File: /home/tulio/Documents/Codes/DE2_exemplos/DE2_115 (fir_uart_ctsrts)/DE2_115.vhd Line: 170
    Warning (13410): Pin "FL_ADDR[11]" is stuck at GND File: /home/tulio/Documents/Codes/DE2_exemplos/DE2_115 (fir_uart_ctsrts)/DE2_115.vhd Line: 170
    Warning (13410): Pin "FL_ADDR[12]" is stuck at GND File: /home/tulio/Documents/Codes/DE2_exemplos/DE2_115 (fir_uart_ctsrts)/DE2_115.vhd Line: 170
    Warning (13410): Pin "FL_ADDR[13]" is stuck at GND File: /home/tulio/Documents/Codes/DE2_exemplos/DE2_115 (fir_uart_ctsrts)/DE2_115.vhd Line: 170
    Warning (13410): Pin "FL_ADDR[14]" is stuck at GND File: /home/tulio/Documents/Codes/DE2_exemplos/DE2_115 (fir_uart_ctsrts)/DE2_115.vhd Line: 170
    Warning (13410): Pin "FL_ADDR[15]" is stuck at GND File: /home/tulio/Documents/Codes/DE2_exemplos/DE2_115 (fir_uart_ctsrts)/DE2_115.vhd Line: 170
    Warning (13410): Pin "FL_ADDR[16]" is stuck at GND File: /home/tulio/Documents/Codes/DE2_exemplos/DE2_115 (fir_uart_ctsrts)/DE2_115.vhd Line: 170
    Warning (13410): Pin "FL_ADDR[17]" is stuck at GND File: /home/tulio/Documents/Codes/DE2_exemplos/DE2_115 (fir_uart_ctsrts)/DE2_115.vhd Line: 170
    Warning (13410): Pin "FL_ADDR[18]" is stuck at GND File: /home/tulio/Documents/Codes/DE2_exemplos/DE2_115 (fir_uart_ctsrts)/DE2_115.vhd Line: 170
    Warning (13410): Pin "FL_ADDR[19]" is stuck at GND File: /home/tulio/Documents/Codes/DE2_exemplos/DE2_115 (fir_uart_ctsrts)/DE2_115.vhd Line: 170
    Warning (13410): Pin "FL_ADDR[20]" is stuck at GND File: /home/tulio/Documents/Codes/DE2_exemplos/DE2_115 (fir_uart_ctsrts)/DE2_115.vhd Line: 170
    Warning (13410): Pin "FL_ADDR[21]" is stuck at GND File: /home/tulio/Documents/Codes/DE2_exemplos/DE2_115 (fir_uart_ctsrts)/DE2_115.vhd Line: 170
    Warning (13410): Pin "FL_ADDR[22]" is stuck at GND File: /home/tulio/Documents/Codes/DE2_exemplos/DE2_115 (fir_uart_ctsrts)/DE2_115.vhd Line: 170
    Warning (13410): Pin "FL_CE_N" is stuck at GND File: /home/tulio/Documents/Codes/DE2_exemplos/DE2_115 (fir_uart_ctsrts)/DE2_115.vhd Line: 171
    Warning (13410): Pin "FL_OE_N" is stuck at GND File: /home/tulio/Documents/Codes/DE2_exemplos/DE2_115 (fir_uart_ctsrts)/DE2_115.vhd Line: 173
    Warning (13410): Pin "FL_RST_N" is stuck at GND File: /home/tulio/Documents/Codes/DE2_exemplos/DE2_115 (fir_uart_ctsrts)/DE2_115.vhd Line: 174
    Warning (13410): Pin "FL_WE_N" is stuck at GND File: /home/tulio/Documents/Codes/DE2_exemplos/DE2_115 (fir_uart_ctsrts)/DE2_115.vhd Line: 176
    Warning (13410): Pin "FL_WP_N" is stuck at GND File: /home/tulio/Documents/Codes/DE2_exemplos/DE2_115 (fir_uart_ctsrts)/DE2_115.vhd Line: 177
Info (286030): Timing-Driven Synthesis is running
Critical Warning (18061): Ignored Power-Up Level option on the following registers
    Critical Warning (18010): Register audio_codec_controller:AUDIO_CODEC_INST|delayCounter:adcDacControllerStartDelay|delayCounterInternalCount[31] will power up to Low File: /home/tulio/Documents/Codes/DE2_exemplos/DE2_115 (fir_uart_ctsrts)/delayCounter.vhd Line: 27
Info (17049): 4 registers lost all their fanouts during netlist optimizations.
Info (16010): Generating hard_block partition "hard_block:auto_generated_inst"
    Info (16011): Adding 2 node(s), including 0 DDIO, 2 PLL, 0 transceiver and 0 LCELL
Warning (21074): Design contains 66 input pin(s) that do not drive logic
    Warning (15610): No output dependent on input pin "CLOCK2_50" File: /home/tulio/Documents/Codes/DE2_exemplos/DE2_115 (fir_uart_ctsrts)/DE2_115.vhd Line: 15
    Warning (15610): No output dependent on input pin "CLOCK3_50" File: /home/tulio/Documents/Codes/DE2_exemplos/DE2_115 (fir_uart_ctsrts)/DE2_115.vhd Line: 16
    Warning (15610): No output dependent on input pin "SMA_CLKIN" File: /home/tulio/Documents/Codes/DE2_exemplos/DE2_115 (fir_uart_ctsrts)/DE2_115.vhd Line: 18
    Warning (15610): No output dependent on input pin "KEY[0]" File: /home/tulio/Documents/Codes/DE2_exemplos/DE2_115 (fir_uart_ctsrts)/DE2_115.vhd Line: 24
    Warning (15610): No output dependent on input pin "KEY[2]" File: /home/tulio/Documents/Codes/DE2_exemplos/DE2_115 (fir_uart_ctsrts)/DE2_115.vhd Line: 24
    Warning (15610): No output dependent on input pin "KEY[3]" File: /home/tulio/Documents/Codes/DE2_exemplos/DE2_115 (fir_uart_ctsrts)/DE2_115.vhd Line: 24
    Warning (15610): No output dependent on input pin "SW[0]" File: /home/tulio/Documents/Codes/DE2_exemplos/DE2_115 (fir_uart_ctsrts)/DE2_115.vhd Line: 28
    Warning (15610): No output dependent on input pin "SW[1]" File: /home/tulio/Documents/Codes/DE2_exemplos/DE2_115 (fir_uart_ctsrts)/DE2_115.vhd Line: 28
    Warning (15610): No output dependent on input pin "SW[2]" File: /home/tulio/Documents/Codes/DE2_exemplos/DE2_115 (fir_uart_ctsrts)/DE2_115.vhd Line: 28
    Warning (15610): No output dependent on input pin "SW[3]" File: /home/tulio/Documents/Codes/DE2_exemplos/DE2_115 (fir_uart_ctsrts)/DE2_115.vhd Line: 28
    Warning (15610): No output dependent on input pin "SW[4]" File: /home/tulio/Documents/Codes/DE2_exemplos/DE2_115 (fir_uart_ctsrts)/DE2_115.vhd Line: 28
    Warning (15610): No output dependent on input pin "SW[5]" File: /home/tulio/Documents/Codes/DE2_exemplos/DE2_115 (fir_uart_ctsrts)/DE2_115.vhd Line: 28
    Warning (15610): No output dependent on input pin "SW[6]" File: /home/tulio/Documents/Codes/DE2_exemplos/DE2_115 (fir_uart_ctsrts)/DE2_115.vhd Line: 28
    Warning (15610): No output dependent on input pin "SW[7]" File: /home/tulio/Documents/Codes/DE2_exemplos/DE2_115 (fir_uart_ctsrts)/DE2_115.vhd Line: 28
    Warning (15610): No output dependent on input pin "SW[8]" File: /home/tulio/Documents/Codes/DE2_exemplos/DE2_115 (fir_uart_ctsrts)/DE2_115.vhd Line: 28
    Warning (15610): No output dependent on input pin "SW[9]" File: /home/tulio/Documents/Codes/DE2_exemplos/DE2_115 (fir_uart_ctsrts)/DE2_115.vhd Line: 28
    Warning (15610): No output dependent on input pin "SW[10]" File: /home/tulio/Documents/Codes/DE2_exemplos/DE2_115 (fir_uart_ctsrts)/DE2_115.vhd Line: 28
    Warning (15610): No output dependent on input pin "SW[11]" File: /home/tulio/Documents/Codes/DE2_exemplos/DE2_115 (fir_uart_ctsrts)/DE2_115.vhd Line: 28
    Warning (15610): No output dependent on input pin "SW[12]" File: /home/tulio/Documents/Codes/DE2_exemplos/DE2_115 (fir_uart_ctsrts)/DE2_115.vhd Line: 28
    Warning (15610): No output dependent on input pin "SW[13]" File: /home/tulio/Documents/Codes/DE2_exemplos/DE2_115 (fir_uart_ctsrts)/DE2_115.vhd Line: 28
    Warning (15610): No output dependent on input pin "SW[14]" File: /home/tulio/Documents/Codes/DE2_exemplos/DE2_115 (fir_uart_ctsrts)/DE2_115.vhd Line: 28
    Warning (15610): No output dependent on input pin "SW[15]" File: /home/tulio/Documents/Codes/DE2_exemplos/DE2_115 (fir_uart_ctsrts)/DE2_115.vhd Line: 28
    Warning (15610): No output dependent on input pin "SW[16]" File: /home/tulio/Documents/Codes/DE2_exemplos/DE2_115 (fir_uart_ctsrts)/DE2_115.vhd Line: 28
    Warning (15610): No output dependent on input pin "SD_WP_N" File: /home/tulio/Documents/Codes/DE2_exemplos/DE2_115 (fir_uart_ctsrts)/DE2_115.vhd Line: 61
    Warning (15610): No output dependent on input pin "ENET0_INT_N" File: /home/tulio/Documents/Codes/DE2_exemplos/DE2_115 (fir_uart_ctsrts)/DE2_115.vhd Line: 90
    Warning (15610): No output dependent on input pin "ENET0_LINK100" File: /home/tulio/Documents/Codes/DE2_exemplos/DE2_115 (fir_uart_ctsrts)/DE2_115.vhd Line: 91
    Warning (15610): No output dependent on input pin "ENET0_RX_CLK" File: /home/tulio/Documents/Codes/DE2_exemplos/DE2_115 (fir_uart_ctsrts)/DE2_115.vhd Line: 95
    Warning (15610): No output dependent on input pin "ENET0_RX_COL" File: /home/tulio/Documents/Codes/DE2_exemplos/DE2_115 (fir_uart_ctsrts)/DE2_115.vhd Line: 96
    Warning (15610): No output dependent on input pin "ENET0_RX_CRS" File: /home/tulio/Documents/Codes/DE2_exemplos/DE2_115 (fir_uart_ctsrts)/DE2_115.vhd Line: 97
    Warning (15610): No output dependent on input pin "ENET0_RX_DATA[0]" File: /home/tulio/Documents/Codes/DE2_exemplos/DE2_115 (fir_uart_ctsrts)/DE2_115.vhd Line: 98
    Warning (15610): No output dependent on input pin "ENET0_RX_DATA[1]" File: /home/tulio/Documents/Codes/DE2_exemplos/DE2_115 (fir_uart_ctsrts)/DE2_115.vhd Line: 98
    Warning (15610): No output dependent on input pin "ENET0_RX_DATA[2]" File: /home/tulio/Documents/Codes/DE2_exemplos/DE2_115 (fir_uart_ctsrts)/DE2_115.vhd Line: 98
    Warning (15610): No output dependent on input pin "ENET0_RX_DATA[3]" File: /home/tulio/Documents/Codes/DE2_exemplos/DE2_115 (fir_uart_ctsrts)/DE2_115.vhd Line: 98
    Warning (15610): No output dependent on input pin "ENET0_RX_DV" File: /home/tulio/Documents/Codes/DE2_exemplos/DE2_115 (fir_uart_ctsrts)/DE2_115.vhd Line: 99
    Warning (15610): No output dependent on input pin "ENET0_RX_ER" File: /home/tulio/Documents/Codes/DE2_exemplos/DE2_115 (fir_uart_ctsrts)/DE2_115.vhd Line: 100
    Warning (15610): No output dependent on input pin "ENET0_TX_CLK" File: /home/tulio/Documents/Codes/DE2_exemplos/DE2_115 (fir_uart_ctsrts)/DE2_115.vhd Line: 101
    Warning (15610): No output dependent on input pin "ENETCLK_25" File: /home/tulio/Documents/Codes/DE2_exemplos/DE2_115 (fir_uart_ctsrts)/DE2_115.vhd Line: 105
    Warning (15610): No output dependent on input pin "ENET1_INT_N" File: /home/tulio/Documents/Codes/DE2_exemplos/DE2_115 (fir_uart_ctsrts)/DE2_115.vhd Line: 109
    Warning (15610): No output dependent on input pin "ENET1_LINK100" File: /home/tulio/Documents/Codes/DE2_exemplos/DE2_115 (fir_uart_ctsrts)/DE2_115.vhd Line: 110
    Warning (15610): No output dependent on input pin "ENET1_RX_CLK" File: /home/tulio/Documents/Codes/DE2_exemplos/DE2_115 (fir_uart_ctsrts)/DE2_115.vhd Line: 114
    Warning (15610): No output dependent on input pin "ENET1_RX_COL" File: /home/tulio/Documents/Codes/DE2_exemplos/DE2_115 (fir_uart_ctsrts)/DE2_115.vhd Line: 115
    Warning (15610): No output dependent on input pin "ENET1_RX_CRS" File: /home/tulio/Documents/Codes/DE2_exemplos/DE2_115 (fir_uart_ctsrts)/DE2_115.vhd Line: 116
    Warning (15610): No output dependent on input pin "ENET1_RX_DATA[0]" File: /home/tulio/Documents/Codes/DE2_exemplos/DE2_115 (fir_uart_ctsrts)/DE2_115.vhd Line: 117
    Warning (15610): No output dependent on input pin "ENET1_RX_DATA[1]" File: /home/tulio/Documents/Codes/DE2_exemplos/DE2_115 (fir_uart_ctsrts)/DE2_115.vhd Line: 117
    Warning (15610): No output dependent on input pin "ENET1_RX_DATA[2]" File: /home/tulio/Documents/Codes/DE2_exemplos/DE2_115 (fir_uart_ctsrts)/DE2_115.vhd Line: 117
    Warning (15610): No output dependent on input pin "ENET1_RX_DATA[3]" File: /home/tulio/Documents/Codes/DE2_exemplos/DE2_115 (fir_uart_ctsrts)/DE2_115.vhd Line: 117
    Warning (15610): No output dependent on input pin "ENET1_RX_DV" File: /home/tulio/Documents/Codes/DE2_exemplos/DE2_115 (fir_uart_ctsrts)/DE2_115.vhd Line: 118
    Warning (15610): No output dependent on input pin "ENET1_RX_ER" File: /home/tulio/Documents/Codes/DE2_exemplos/DE2_115 (fir_uart_ctsrts)/DE2_115.vhd Line: 119
    Warning (15610): No output dependent on input pin "ENET1_TX_CLK" File: /home/tulio/Documents/Codes/DE2_exemplos/DE2_115 (fir_uart_ctsrts)/DE2_115.vhd Line: 120
    Warning (15610): No output dependent on input pin "TD_CLK27" File: /home/tulio/Documents/Codes/DE2_exemplos/DE2_115 (fir_uart_ctsrts)/DE2_115.vhd Line: 126
    Warning (15610): No output dependent on input pin "TD_DATA[0]" File: /home/tulio/Documents/Codes/DE2_exemplos/DE2_115 (fir_uart_ctsrts)/DE2_115.vhd Line: 127
    Warning (15610): No output dependent on input pin "TD_DATA[1]" File: /home/tulio/Documents/Codes/DE2_exemplos/DE2_115 (fir_uart_ctsrts)/DE2_115.vhd Line: 127
    Warning (15610): No output dependent on input pin "TD_DATA[2]" File: /home/tulio/Documents/Codes/DE2_exemplos/DE2_115 (fir_uart_ctsrts)/DE2_115.vhd Line: 127
    Warning (15610): No output dependent on input pin "TD_DATA[3]" File: /home/tulio/Documents/Codes/DE2_exemplos/DE2_115 (fir_uart_ctsrts)/DE2_115.vhd Line: 127
    Warning (15610): No output dependent on input pin "TD_DATA[4]" File: /home/tulio/Documents/Codes/DE2_exemplos/DE2_115 (fir_uart_ctsrts)/DE2_115.vhd Line: 127
    Warning (15610): No output dependent on input pin "TD_DATA[5]" File: /home/tulio/Documents/Codes/DE2_exemplos/DE2_115 (fir_uart_ctsrts)/DE2_115.vhd Line: 127
    Warning (15610): No output dependent on input pin "TD_DATA[6]" File: /home/tulio/Documents/Codes/DE2_exemplos/DE2_115 (fir_uart_ctsrts)/DE2_115.vhd Line: 127
    Warning (15610): No output dependent on input pin "TD_DATA[7]" File: /home/tulio/Documents/Codes/DE2_exemplos/DE2_115 (fir_uart_ctsrts)/DE2_115.vhd Line: 127
    Warning (15610): No output dependent on input pin "TD_HS" File: /home/tulio/Documents/Codes/DE2_exemplos/DE2_115 (fir_uart_ctsrts)/DE2_115.vhd Line: 128
    Warning (15610): No output dependent on input pin "TD_VS" File: /home/tulio/Documents/Codes/DE2_exemplos/DE2_115 (fir_uart_ctsrts)/DE2_115.vhd Line: 130
    Warning (15610): No output dependent on input pin "OTG_DREQ[0]" File: /home/tulio/Documents/Codes/DE2_exemplos/DE2_115 (fir_uart_ctsrts)/DE2_115.vhd Line: 137
    Warning (15610): No output dependent on input pin "OTG_DREQ[1]" File: /home/tulio/Documents/Codes/DE2_exemplos/DE2_115 (fir_uart_ctsrts)/DE2_115.vhd Line: 137
    Warning (15610): No output dependent on input pin "OTG_INT[0]" File: /home/tulio/Documents/Codes/DE2_exemplos/DE2_115 (fir_uart_ctsrts)/DE2_115.vhd Line: 139
    Warning (15610): No output dependent on input pin "OTG_INT[1]" File: /home/tulio/Documents/Codes/DE2_exemplos/DE2_115 (fir_uart_ctsrts)/DE2_115.vhd Line: 139
    Warning (15610): No output dependent on input pin "IRDA_RXD" File: /home/tulio/Documents/Codes/DE2_exemplos/DE2_115 (fir_uart_ctsrts)/DE2_115.vhd Line: 146
    Warning (15610): No output dependent on input pin "FL_RY" File: /home/tulio/Documents/Codes/DE2_exemplos/DE2_115 (fir_uart_ctsrts)/DE2_115.vhd Line: 175
Info (21057): Implemented 1296 device resources after synthesis - the final resource count might be different
    Info (21058): Implemented 72 input pins
    Info (21059): Implemented 230 output pins
    Info (21060): Implemented 105 bidirectional pins
    Info (21061): Implemented 879 logic cells
    Info (21065): Implemented 2 PLLs
    Info (21062): Implemented 8 DSP elements
Info: Quartus Prime Analysis & Synthesis was successful. 0 errors, 478 warnings
    Info: Peak virtual memory: 521 megabytes
    Info: Processing ended: Wed Aug 19 14:18:35 2026
    Info: Elapsed time: 00:00:08
    Info: Total CPU time (on all processors): 00:00:15


